index,Reaction_original_index,substrate,substrate_id,boron reagent,boronreagent_id,Ligand,ligand_id,axial_chirality,yield,%top,page,temp,ddG_original,%sel,Confg,ddG,category
0,1,O=C1C=CCCC1,0,F[B-](F)(F)c1ccccc1.[K+],1,C12=CC=CC=C1C=CC(P(C3=CC=CC=C3)C4=CC=CC=C4)=C2C5=C(C=CC=C6)C6=CC=C5P(C7=CC=CC=C7)C8=CC=CC=C8,L1.1,R,99,1,228,110,14637.7961,99,2,14.6377961,0
1,2,O=C1C=CCCC1,0,F[B-](F)(F)c1ccccc1.[K+],1,C12=CC=CC=C1C=CC(P(C3=CC=CC=C3)C4=CC=CC=C4)=C2C5=C(C=CC=C6)C6=CC=C5P(C7=CC=CC=C7)C8=CC=CC=C8,L1.18,S,99,99,228,110,14637.7961,99,1,14.6377961,1
2,3,O=C1C=CCCC1,0,F[B-](F)(F)c1ccccc1.[K+],1,C12=CC=CC=C1C=CC(P(C3=CC=CC=C3)C4=CC=CC=C4)=C2C5=C(C=CC=C6)C6=CC=C5P(C7=CC=CC=C7)C8=CC=CC=C8,L1.1,R,100,42.5,228,110,962.9184681,57.5,2,0.962918468,0
3,4,O=C1C=CCCC1,0,F[B-](F)(F)c1ccccc1.[K+],1,C12=CC=CC=C1C=CC(P(C3=CC=CC=C3)C4=CC=CC=C4)=C2C5=C(C=CC=C6)C6=CC=C5P(C7=CC=CC=C7)C8=CC=CC=C8,L1.1,R,100,40,228,110,1291.612792,60,2,1.291612792,0
4,5,O=C1C=CCCC1,0,F[B-](F)(F)c1ccccc1.[K+],1,C12=CC=CC=C1C=CC(P(C3=CC=CC=C3)C4=CC=CC=C4)=C2C5=C(C=CC=C6)C6=CC=C5P(C7=CC=CC=C7)C8=CC=CC=C8,L1.1,R,100,33,228,110,2255.929947,67,2,2.255929947,0
5,6,O=C1C=CCCC1,0,F[B-](F)(F)c1ccccc1.[K+],1,C12=CC=CC=C1C=CC(P(C3=CC=CC=C3)C4=CC=CC=C4)=C2C5=C(C=CC=C6)C6=CC=C5P(C7=CC=CC=C7)C8=CC=CC=C8,L1.1,R,100,34.5,228,110,2042.200637,65.5,2,2.042200637,0
6,7,O=C1C=CCCC1,0,F[B-](F)(F)c1ccccc1.[K+],1,C12=CC=CC=C1C=CC(P(C3=CC=CC=C3)C4=CC=CC=C4)=C2C5=C(C=CC=C6)C6=CC=C5P(C7=CC=CC=C7)C8=CC=CC=C8,L1.1,R,80,43.5,228,110,832.945964,56.5,2,0.832945964,0
7,8,O=C1C=CCCC1,0,F[B-](F)(F)c1ccccc1.[K+],1,C12=CC=CC=C1C=CC(P(C3=CC=CC=C3)C4=CC=CC=C4)=C2C5=C(C=CC=C6)C6=CC=C5P(C7=CC=CC=C7)C8=CC=CC=C8,L1.1,R,100,25,228,110,3499.639443,75,2,3.499639443,0
8,9,O=C1C=CCCC1,0,F[B-](F)(F)c1ccccc1.[K+],1,C12=CC=CC=C1C=CC(P(C3=CC=CC=C3)C4=CC=CC=C4)=C2C5=C(C=CC=C6)C6=CC=C5P(C7=CC=CC=C7)C8=CC=CC=C8,L1.1,R,100,45,228,110,639.2383265,55,2,0.639238327,0
9,10,O=C1C=CCCC1,0,F[B-](F)(F)c1ccccc1.[K+],1,C12=CC=CC=C1C=CC(P(C3=CC=CC=C3)C4=CC=CC=C4)=C2C5=C(C=CC=C6)C6=CC=C5P(C7=CC=CC=C7)C8=CC=CC=C8,L1.1,R,100,49,228,110,127.4373575,51,2,0.127437358,0
10,11,O=C1C=CCCC1,0,F[B-](F)(F)c1ccccc1.[K+],1,C12=CC=CC=C1C=CC(P(C3=CC=CC=C3)C4=CC=CC=C4)=C2C5=C(C=CC=C6)C6=CC=C5P(C7=CC=CC=C7)C8=CC=CC=C8,L1.1,R,100,1,228,110,14637.7961,99,2,14.6377961,0
11,12,O=C1C=CCCC1,0,F[B-](F)(F)c1ccccc1.[K+],1,C12=CC=CC=C1C=CC(P(C3=CC=CC=C3)C4=CC=CC=C4)=C2C5=C(C=CC=C6)C6=CC=C5P(C7=CC=CC=C7)C8=CC=CC=C8,L1.1,R,85,15.5,228,110,5402.341549,84.5,2,5.402341549,0
12,13,O=C1C=CCCC1,0,F[B-](F)(F)c1ccccc1.[K+],1,C12=CC=CC=C1C=CC(P(C3=CC=CC=C3)C4=CC=CC=C4)=C2C5=C(C=CC=C6)C6=CC=C5P(C7=CC=CC=C7)C8=CC=CC=C8,L1.1,R,100,32.5,228,110,2328.24881,67.5,2,2.32824881,0
13,14,O=C1C=CCCC1,0,F[B-](F)(F)c1ccccc1.[K+],1,COC(C=CC=C1P(C2=CC=CO2)C3=CC=CO3)=C1C4=C(P(C5=CC=CO5)C6=CC=CO6)C=CC=C4OC,L1.37,R,100,41.5,229,110,1093.691437,58.5,2,1.093691437,0
14,15,O=C1C=CCCC1,0,F[B-](F)(F)c1ccccc1.[K+],1,COC(C=CC=C1P(C2=CC=CC=C2)C3=CC=CC=C3)=C1C4=C(P(C5=CC=CC=C5)C6=CC=CC=C6)C=CC=C4OC,L1.38,R,100,1,229,110,14637.7961,99,2,14.6377961,0
15,16,O=C1C=CCCC1,0,F[B-](F)(F)c1ccccc1.[K+],1,CC1(C)O[C@@H](CP(C2=CC=CC=C2)C3=CC=CC=C3)[C@H](CP(C4=CC=CC=C4)C5=CC=CC=C5)O1,L1.56,NoChiralAxis,100,37,229,110,1695.381503,63,0,1.695381503,0
16,17,O=C1C=CCCC1,0,F[B-](F)(F)c1ccccc1.[K+],1,COC(C=C1)=CC=C1[P@@](C2=CC=CC=C2)CC[P@](C3=CC=CC=C3)C4=CC=C(OC)C=C4,L1.58,NoChiralAxis,100,48.5,229,110,191.1879161,51.5,0,0.191187916,0
17,26,O=C1C=CCCC1,0,c1ccc(B2[C@H]3CCC[C@@H]2CCC3)cc1,2,C12=CC=CC=C1C=CC(P(C3=CC=CC=C3)C4=CC=CC=C4)=C2C5=C(C=CC=C6)C6=CC=C5P(C7=CC=CC=C7)C8=CC=CC=C8,L1.18,S,81,99,230,80,13491.68131,99,1,13.49168131,1
18,31,O=C1C=CCCC1,0,COC.[B]=O.[Li]C.[O]c1ccccc1,5,C12=CC=CC=C1C=CC(P(C3=CC=CC=C3)C4=CC=CC=C4)=C2C5=C(C=CC=C6)C6=CC=C5P(C7=CC=CC=C7)C8=CC=CC=C8,L1.18,S,99,99.5,231,100,16421.78533,99.5,1,16.42178533,1
19,32,O=C1C=CCCC1,0,COC.[B]=O.[Li]C.[O]c1ccccc1,5,C12=CC=CC=C1C=CC(P(C3=CC=CC=C3)C4=CC=CC=C4)=C2C5=C(C=CC=C6)C6=CC=C5P(C7=CC=CC=C7)C8=CC=CC=C8,L1.18,S,71,99.5,231,100,16421.78533,99.5,1,16.42178533,1
20,33,O=C1C=CCCC1,0,Cc1ccccc1B(O)O,6,[C@H]1(C2=CC=CC=C2)C(CP(C3=CC=CC=C3)C4=CC=CC=C4)([C@H]1C5=CC=CC=C5)CP(C6=CC=CC=C6)C7=CC=CC=C7,L1.103,NoChiralAxis,58,81.5,232,50,3983.879689,81.5,0,3.983879689,1
21,34,O=C1C=CCCC1,0,Cc1ccccc1B(O)O,6,[C@H]1(C2=CC(C3=CC=CC=C3)=CC(C4=CC=CC=C4)=C2)C(CP(C5=CC=CC=C5)C6=CC=CC=C6)([C@H]1C7=CC(C8=CC=CC=C8)=CC(C9=CC=CC=C9)=C7)CP(C%10=CC=CC=C%10)C%11=CC=CC=C%11,L1.104,NoChiralAxis,58,81.5,232,50,3983.879689,81.5,0,3.983879689,1
23,69,O=C1C=CCC1,6,OB(O)c1ccccc1,7,C12=CC=CC=C1C=CC(P(C3=CC=CC=C3)C4=CC=CC=C4)=C2C5=C(C=CC=C6)C6=CC=C5P(C7=CC=CC=C7)C8=CC=CC=C8,L1.18,S,93,98.5,131,100,12982.14718,98.5,1,12.98214718,1
24,72,O=C1C=CCC1,6,OB(O)c1ccccc1,7,C1(P2OC(C=CC3=C4C=CC=C3)=C4C(C(C=CC=C5)=C5C=C6)=C6O2)=CC=CC=C1P7OC8=CC=C9C(C=CC=C9)=C8C%10=C%11C(C=CC=C%11)=CC=C%10O7,L1.95,R,58,94.5,131,100,8822.67777,94.5,2,8.82267777,1
25,73,O=C1C=CCC1,6,OB(O)c1ccccc1,7,C12=CC=CC=C1C=CC3=C2C4=C(C=CC=C5)C5=CC=C4OP(CCP6OC7=CC=C8C(C=CC=C8)=C7C9=C(O6)C=CC%10=C9C=CC=C%10)O3,L1.97,R,63,91,131,100,7177.749513,91,2,7.177749513,1
26,90,O=C1C=CCC1,6,OB(O)c1ccccc1,7,[C@H]1(P(C2=CC=CC=C2)C3=CC=CC=C3)C[C@H]4[C@@H](P(C5=CC=CC=C5)C6=CC=CC=C6)C[C@@H]1C4,L1.67,NoChiralAxis,96,8.5,132,50,6384.258729,91.5,0,6.384258729,0
27,91,O=C1C=CCC1,6,OB(O)c1ccccc1,7,C12=CC=C3C(C(C4=C(C=C(OCCOCCO2)C=C5)C5=CC=C4P(C6=CC=CC=C6)C7=CC=CC=C7)=C(P(C8=CC=CC=C8)C9=CC=CC=C9)C=C3)=C1,L1.12,R,90,5,133,100,9134.736506,95,2,9.134736506,0
28,103,O=C1C=CCC1,6,OB(O)c1ccccc1,7,CC([P@@](C#CC1=CC=CC=C1)CC[P@](C#CC2=CC=CC=C2)C(C)(C)C)(C)C,L1.72,NoChiralAxis,90,4.5,136,40,7953.908585,95.5,0,7.953908585,0
29,104,O=C1C=CCC1,6,OB(O)c1ccccc1,7,CC([P@@](C#CC)CC[P@](C#CC)C(C)(C)C)(C)C,L1.70,NoChiralAxis,92,3.5,136,40,8635.333352,96.5,0,8.635333352,0
30,105,O=C1C=CCC1,6,OB(O)c1ccccc1,7,C12=CC=CC=C1C=CC(P(C3=CC=CC=C3)C4=CC=CC=C4)=C2C5=C(C=CC=C6)C6=CC=C5P(C7=CC=CC=C7)C8=CC=CC=C8,L1.18,S,78,97.5,136,25,9081.306582,97.5,1,9.081306582,1
31,118,O=C1C=CCC1,6,OB(O)c1ccccc1,7,[C@H]1(C2=CC=CC=C2)C(CP(C3=CC=CC=C3)C4=CC=CC=C4)([C@H]1C5=CC=CC=C5)CP(C6=CC=CC=C6)C7=CC=CC=C7,L1.103,NoChiralAxis,68,52.5,138,50,268.8911355,52.5,0,0.268891136,1
32,119,O=C1C=CCC1,6,OB(O)c1ccccc1,7,[C@H]1(C2=CC(C3=CC=CC=C3)=CC(C4=CC=CC=C4)=C2)C(CP(C5=CC=CC=C5)C6=CC=CC=C6)([C@H]1C7=CC(C8=CC=CC=C8)=CC(C9=CC=CC=C9)=C7)CP(C%10=CC=CC=C%10)C%11=CC=CC=C%11,L1.104,NoChiralAxis,25,52.5,138,50,268.8911355,52.5,0,0.268891136,1
33,164,O=C1C=CCC1,6,OB(O)c1ccccc1,7,FC(C(C=C1)=CC=C1P(C2=CC=C(C(F)(F)F)C=C2)C3=C(C4=C5OCCOC5=CC=C4P(C6=CC=C(C(F)(F)F)C=C6)C7=CC=C(C(F)(F)F)C=C7)C8C(OCCO8)C=C3)(F)F,L1.32,R,69,6,142,20,6706.176965,94,2,6.706176965,0
34,165,O=C1C=CCC1,6,OB(O)c1ccccc1,7,FC(C1=CC(P(C2=CC(C(F)(F)F)=CC(C(F)(F)F)=C2)C3=C(C4=C5OCCOC5=CC=C4P(C6=CC(C(F)(F)F)=CC(C(F)(F)F)=C6)C7=CC(C(F)(F)F)=CC(C(F)(F)F)=C7)C8C(OCCO8)C=C3)=CC(C(F)(F)F)=C1)(F)F,L1.33,R,84,2,142,20,9485.335519,98,2,9.485335519,0
35,166,O=C1C=CCC1,6,OB(O)c1ccccc1,7,FC(O1)(F)OC2C1C(C3=C(OC(F)(F)O4)C4=CC=C3P(C5=CC=CC=C5)C6=CC=CC=C6)=C(P(C7=CC=CC=C7)C8=CC=CC=C8)C=C2,L1.28,R,41,0.5,142,20,12901.10242,99.5,2,12.90110242,0
36,167,O=C1C=CCC1,6,OB(O)c1ccccc1,7,FC(C(C=C1)=CC=C1P(C2=CC=C(C(F)(F)F)C=C2)C3=C(C4=C5OCCOC5=CC=C4P(C6=CC=C(C(F)(F)F)C=C6)C7=CC=C(C(F)(F)F)C=C7)C8C(OCCO8)C=C3)(F)F,L1.32,R,69,6,142,20,6706.176965,94,2,6.706176965,0
37,168,O=C1C=CCC1,6,OB(O)c1ccccc1,7,FC(C1=CC(P(C2=CC(C(F)(F)F)=CC(C(F)(F)F)=C2)C3=C(C4=C5OCCOC5=CC=C4P(C6=CC(C(F)(F)F)=CC(C(F)(F)F)=C6)C7=CC(C(F)(F)F)=CC(C(F)(F)F)=C7)C8C(OCCO8)C=C3)=CC(C(F)(F)F)=C1)(F)F,L1.33,R,84,2,142,20,9485.335519,98,2,9.485335519,0
38,169,O=C1C=CCC1,6,OB(O)c1ccccc1,7,FC1=CC(P(C2=CC(F)=C(F)C(F)=C2)C3=C(C4=C5OCCOC5=CC=C4P(C6=CC(F)=C(F)C(F)=C6)C7=CC(F)=C(F)C(F)=C7)C8C(OCCO8)C=C3)=CC(F)=C1F,L1.34,R,77,1.5,142,20,10198.89172,98.5,2,10.19889172,0
39,191,O=C1C=CCC1,6,F[B-](F)(F)c1ccccc1.[K+],1,C12=CC=CC=C1C=CC(P(C3=CC=CC=C3)C4=CC=CC=C4)=C2C5=C(C=CC=C6)C6=CC=C5P(C7=CC=CC=C7)C8=CC=CC=C8,L1.1,R,99,1,228,110,14637.7961,99,2,14.6377961,0
40,194,O=C1C=CCC1,6,F[B-](F)(F)c1ccccc1.[K+],1,C12=CC=CC=C1C=CC(P(C3=CC=CC=C3)C4=CC=CC=C4)=C2C5=C(C=CC=C6)C6=CC=C5P(C7=CC=CC=C7)C8=CC=CC=C8,L1.18,S,99,99,228,110,14637.7961,99,1,14.6377961,1
41,198,O=C1C=CCC1,6,COc1ccccc1[B-](OC(C)C)(OC(C)C)OC(C)C.[Li+],15,CC([P@@](C)C1=NC2=CC=CC=C2N=C1[P@@](C(C)(C)C)C)(C)C,L1.68,NoChiralAxis,91,1.5,148,60,11590.51945,98.5,0,11.59051945,0
42,218,O=C1C=CCC1,6,Cc1ccc([B-](OC(C)C)(OC(C)C)OC(C)C)cc1.[Li+],19,C12=CC=CC=C1C=CC(P(C3=CC=CC=C3)C4=CC=CC=C4)=C2C5=C(C=CC=C6)C6=CC=C5P(C7=CC=CC=C7)C8=CC=CC=C8,L1.18,S,95,96.5,152,100,10289.87591,96.5,1,10.28987591,1
43,220,O=C1C=CCC1,6,OB(O)c1ccc(C(F)(F)F)cc1,9,C12=CC=CC=C1C=CC(P(C3=CC=CC=C3)C4=CC=CC=C4)=C2C5=C(C=CC=C6)C6=CC=C5P(C7=CC=CC=C7)C8=CC=CC=C8,L1.18,S,81,98.5,153,25,10372.84519,98.5,1,10.37284519,1
44,225,O=C1C=CCC1,6,COc1ccc([Li])cc1.COB(OC)OC,9,C12=CC=CC=C1C=CC(P(C3=CC=CC=C3)C4=CC=CC=C4)=C2C5=C(C=CC=C6)C6=CC=C5P(C7=CC=CC=C7)C8=CC=CC=C8,L1.18,S,99,96.5,154,100,10289.87591,96.5,1,10.28987591,1
45,226,O=C1C=CCC1,6,COc1ccc(B(O)O)cc1,10,CN(P1OC2=C(C3=C(O1)C=C(COCC4=CC(OP(N(C)C)O5)=C(C6=C5C=CC7=C6C=CC=C7)C8=C4C=CC=C8)C9=C3C=CC=C9)C%10=C(C=C2)C=CC=C%10)C,L1.90,R,99,2,155,20,9485.335519,98,2,9.485335519,0
46,227,O=C1C=CCC1,6,COc1ccc(B(O)O)cc1,10,C12=CC=CC=C1C=CC(P(C3=CC=CC=C3)C4=CC=CC=C4)=C2C5=C(C=CC=C6)C6=CC=C5P(C7=CC=CC=C7)C8=CC=CC=C8,L1.18,S,75,98,156,25,9647.118489,98,1,9.647118489,1
47,233,O=C1C=CCC1,6,COc1ccc([Li])cc1.COB(OC)OC,10,C12=CC=CC=C1C=CC(P(C3=CC=CC=C3)C4=CC=CC=C4)=C2C5=C(C=CC=C6)C6=CC=C5P(C7=CC=CC=C7)C8=CC=CC=C8,L1.18,S,84,96,158,100,9859.496001,96,1,9.859496001,1
48,238,O=C1C=CCC1,6,OB(O)c1ccc(Br)cc1,23,C12=CC=CC=C1C=CC(P(C3=CC=CC=C3)C4=CC=CC=C4)=C2C5=C(C=CC=C6)C6=CC=C5P(C7=CC=CC=C7)C8=CC=CC=C8,L1.18,S,88,97.5,160,20,8929.012325,97.5,1,8.929012325,1
49,239,O=C1C=CCC1,6,OB(O)c1ccc(Br)cc1,23,C12=CC=CC=C1C=CC(P(C3=CC=CC=C3)C4=CC=CC=C4)=C2C5=C(C=CC=C6)C6=CC=C5P(C7=CC=CC=C7)C8=CC=CC=C8,L1.18,S,85,98.5,160,25,10372.84519,98.5,1,10.37284519,1
50,240,O=C1C=CCC1,6,OB(O)c1ccc(Br)cc1,23,C12=CC=CC=C1C=CC(P(C3=CC=CC=C3)C4=CC=CC=C4)=C2C5=C(C=CC=C6)C6=CC=C5P(C7=CC=CC=C7)C8=CC=CC=C8,L1.18,S,87,3,160,20,8472.118403,97,1,8.472118403,0
51,276,O=C1C=CCCC1,0,OB(O)c1ccccc1,7,C12=CC=CC=C1C=CC(P(C3=CC=CC=C3)C4=CC=CC=C4)=C2C5=C(C=CC=C6)C6=CC=C5P(C7=CC=CC=C7)C8=CC=CC=C8,L1.18,S,3,98.5,166,60,11590.51945,98.5,1,11.59051945,1
52,277,O=C1C=CCCC1,0,OB(O)c1ccccc1,7,C12=CC=CC=C1C=CC(P(C3=CC=CC=C3)C4=CC=CC=C4)=C2C5=C(C=CC=C6)C6=CC=C5P(C7=CC=CC=C7)C8=CC=CC=C8,L1.18,S,42,98.5,166,80,12286.33332,98.5,1,12.28633332,1
53,278,O=C1C=CCCC1,0,OB(O)c1ccccc1,7,C12=CC=CC=C1C=CC(P(C3=CC=CC=C3)C4=CC=CC=C4)=C2C5=C(C=CC=C6)C6=CC=C5P(C7=CC=CC=C7)C8=CC=CC=C8,L1.18,S,64,98.5,166,100,12982.14718,98.5,1,12.98214718,1
54,279,O=C1C=CCCC1,0,OB(O)c1ccccc1,7,C12=CC=CC=C1C=CC(P(C3=CC=CC=C3)C4=CC=CC=C4)=C2C5=C(C=CC=C6)C6=CC=C5P(C7=CC=CC=C7)C8=CC=CC=C8,L1.18,S,59,98.5,166,120,13677.96104,98.5,1,13.67796104,1
55,280,O=C1C=CCCC1,0,OB(O)c1ccccc1,7,C12=CC=CC=C1C=CC(P(C3=CC=CC=C3)C4=CC=CC=C4)=C2C5=C(C=CC=C6)C6=CC=C5P(C7=CC=CC=C7)C8=CC=CC=C8,L1.18,S,15,71.5,166,100,2853.538506,71.5,1,2.853538506,1
56,281,O=C1C=CCCC1,0,OB(O)c1ccccc1,7,C12=CC=CC=C1C=CC(P(C3=CC=CC=C3)C4=CC=CC=C4)=C2C5=C(C=CC=C6)C6=CC=C5P(C7=CC=CC=C7)C8=CC=CC=C8,L1.18,S,62,98.5,166,100,12982.14718,98.5,1,12.98214718,1
57,282,O=C1C=CCCC1,0,OB(O)c1ccccc1,7,C12=CC=CC=C1C=CC(P(C3=CC=CC=C3)C4=CC=CC=C4)=C2C5=C(C=CC=C6)C6=CC=C5P(C7=CC=CC=C7)C8=CC=CC=C8,L1.18,S,93,98.5,166,100,12982.14718,98.5,1,12.98214718,1
58,283,O=C1C=CCCC1,0,OB(O)c1ccccc1,7,C12=CC=CC=C1C=CC(P(C3=CC=CC=C3)C4=CC=CC=C4)=C2C5=C(C=CC=C6)C6=CC=C5P(C7=CC=CC=C7)C8=CC=CC=C8,L1.18,S,99,98,166,100,12073.86304,98,1,12.07386304,1
59,284,O=C1C=CCCC1,0,OB(O)c1ccccc1,7,C12=CC=CC=C1C=CC(P(C3=CC=CC=C3)C4=CC=CC=C4)=C2C5=C(C=CC=C6)C6=CC=C5P(C7=CC=CC=C7)C8=CC=CC=C8,L1.18,S,14,71.5,167,100,2853.538506,71.5,1,2.853538506,1
60,285,O=C1C=CCCC1,0,OB(O)c1ccccc1,7,C12=CC=CC=C1C=CC(P(C3=CC=CC=C3)C4=CC=CC=C4)=C2C5=C(C=CC=C6)C6=CC=C5P(C7=CC=CC=C7)C8=CC=CC=C8,L1.18,S,15,71.5,167,100,2853.538506,71.5,1,2.853538506,1
61,286,O=C1C=CCCC1,0,OB(O)c1ccccc1,7,C12=CC=CC=C1C=CC(P(C3=CC=CC=C3)C4=CC=CC=C4)=C2C5=C(C=CC=C6)C6=CC=C5P(C7=CC=CC=C7)C8=CC=CC=C8,L1.18,S,3,98.5,167,60,11590.51945,98.5,1,11.59051945,1
62,287,O=C1C=CCCC1,0,OB(O)c1ccccc1,7,C12=CC=CC=C1C=CC(P(C3=CC=CC=C3)C4=CC=CC=C4)=C2C5=C(C=CC=C6)C6=CC=C5P(C7=CC=CC=C7)C8=CC=CC=C8,L1.18,S,42,98.5,167,80,12286.33332,98.5,1,12.28633332,1
63,288,O=C1C=CCCC1,0,OB(O)c1ccccc1,7,C12=CC=CC=C1C=CC(P(C3=CC=CC=C3)C4=CC=CC=C4)=C2C5=C(C=CC=C6)C6=CC=C5P(C7=CC=CC=C7)C8=CC=CC=C8,L1.18,S,64,98.5,167,100,12982.14718,98.5,1,12.98214718,1
64,289,O=C1C=CCCC1,0,OB(O)c1ccccc1,7,C12=CC=CC=C1C=CC(P(C3=CC=CC=C3)C4=CC=CC=C4)=C2C5=C(C=CC=C6)C6=CC=C5P(C7=CC=CC=C7)C8=CC=CC=C8,L1.18,S,59,98.5,167,120,13677.96104,98.5,1,13.67796104,1
65,290,O=C1C=CCCC1,0,OB(O)c1ccccc1,7,C12=CC=CC=C1C=CC(P(C3=CC=CC=C3)C4=CC=CC=C4)=C2C5=C(C=CC=C6)C6=CC=C5P(C7=CC=CC=C7)C8=CC=CC=C8,L1.18,S,65,99.5,167,100,16421.78533,99.5,1,16.42178533,1
66,291,O=C1C=CCCC1,0,OB(O)c1ccccc1,7,C12=CC=CC=C1C=CC(P(C3=CC=CC=C3)C4=CC=CC=C4)=C2C5=C(C=CC=C6)C6=CC=C5P(C7=CC=CC=C7)C8=CC=CC=C8,L1.18,S,50,97.5,167,100,11365.72045,97.5,1,11.36572045,1
67,292,O=C1C=CCCC1,0,OB(O)c1ccccc1,7,C12=CC=CC=C1C=CC(P(C3=CC=CC=C3)C4=CC=CC=C4)=C2C5=C(C=CC=C6)C6=CC=C5P(C7=CC=CC=C7)C8=CC=CC=C8,L1.18,S,15,99,167,85,13682.70044,99,1,13.68270044,1
68,293,O=C1C=CCCC1,0,OB(O)c1ccccc1,7,C12=CC=CC=C1C=CC(P(C3=CC=CC=C3)C4=CC=CC=C4)=C2C5=C(C=CC=C6)C6=CC=C5P(C7=CC=CC=C7)C8=CC=CC=C8,L1.18,S,46,97.5,167,155,13040.95728,97.5,1,13.04095728,1
69,294,O=C1C=CCCC1,0,OB(O)c1ccccc1,7,C12=CC=CC=C1C=CC(P(C3=CC=CC=C3)C4=CC=CC=C4)=C2C5=C(C=CC=C6)C6=CC=C5P(C7=CC=CC=C7)C8=CC=CC=C8,L1.18,S,93,98.5,167,100,12982.14718,98.5,1,12.98214718,1
70,295,O=C1C=CCCC1,0,OB(O)c1ccccc1,7,C12=CC=CC=C1C=CC(P(C3=CC=CC=C3)C4=CC=CC=C4)=C2C5=C(C=CC=C6)C6=CC=C5P(C7=CC=CC=C7)C8=CC=CC=C8,L1.18,S,64,98.5,168,100,12982.14718,98.5,1,12.98214718,1
71,296,O=C1C=CCCC1,0,OB(O)c1ccccc1,7,CC1(C)O[C@H](CP(C2=CC=CC=C2)C3=CC=CC=C3)[C@@H](CP(C4=CC=CC=C4)C5=CC=CC=C5)O1,L1.57,NoChiralAxis,30,62,168,100,1518.759287,62,0,1.518759287,1
72,297,O=C1C=CCCC1,0,OB(O)c1ccccc1,7,C[C@H](P(C1=CC=CC=C1)C2=CC=CC=C2)[C@H](C)P(C3=CC=CC=C3)C4=CC=CC=C4,L1.66,NoChiralAxis,72,70,168,100,2628.630701,70,0,2.628630701,1
73,303,O=C1C=CCCC1,0,OB(O)c1ccccc1,7,C12=CC=CC=C1C=CC(P(C3=CC=CC=C3)C4=CC=CC=C4)=C2C5=C(C=CC=C6)C6=CC=C5P(C7=CC=CC=C7)C8=CC=CC=C8,L1.18,S,99,98.5,168,100,12982.14718,98.5,1,12.98214718,1
74,304,O=C1C=CCCC1,0,OB(O)c1ccccc1,7,C12=CC=CC=C1C=CC(P(C3=CC=CC=C3)C4=CC=CC=C4)=C2C5=C(C=CC=C6)C6=CC=C5P(C7=CC=CC=C7)C8=CC=CC=C8,L1.18,S,24,99,168,100,14255.75783,99,1,14.25575783,1
75,305,O=C1C=CCCC1,0,OB(O)c1ccccc1,7,C1(P2OC(C=CC3=C4C=CC=C3)=C4C(C(C=CC=C5)=C5C=C6)=C6O2)=CC=CC=C1OC7=C(P8OC9=CC=C%10C(C=CC=C%10)=C9C%11=C%12C(C=CC=C%12)=CC=C%11O8)C=CC=C7,L1.96,R,100,1.5,169,100,12982.14718,98.5,2,12.98214718,0
76,306,O=C1C=CCCC1,0,OB(O)c1ccccc1,7,C1(P2OC(C=CC3=C4C=CC=C3)=C4C(C(C=CC=C5)=C5C=C6)=C6O2)=CC=CC=C1P7OC8=CC=C9C(C=CC=C9)=C8C%10=C%11C(C=CC=C%11)=CC=C%10O7,L1.95,R,100,95.5,169,100,9477.889153,95.5,2,9.477889153,1
77,307,O=C1C=CCCC1,0,OB(O)c1ccccc1,7,C1(P2OC(C=CC3=C4C=CC=C3)=C4C(C(C=CC=C5)=C5C=C6)=C6O2)=CC=CC=C1P7OC8=CC=C9C(C=CC=C9)=C8C%10=C%11C(C=CC=C%11)=CC=C%10O7,L1.95,R,100,99.5,169,100,16421.78533,99.5,2,16.42178533,1
78,308,O=C1C=CCCC1,0,OB(O)c1ccccc1,7,C1(P2OC(C=CC3=C4C=CC=C3)=C4C(C(C=CC=C5)=C5C=C6)=C6O2)=CC=CC=C1OC7=C(P8OC9=CC=C%10C(C=CC=C%10)=C9C%11=C%12C(C=CC=C%12)=CC=C%11O8)C=CC=C7,L1.96,R,100,1.5,169,100,12982.14718,98.5,2,12.98214718,0
79,309,O=C1C=CCCC1,0,OB(O)c1ccccc1,7,C12=CC=CC=C1C=CC3=C2C4=C(C=CC=C5)C5=CC=C4OP(CCP6OC7=CC=C8C(C=CC=C8)=C7C9=C(O6)C=CC%10=C9C=CC=C%10)O3,L1.97,R,100,97.5,169,100,11365.72045,97.5,2,11.36572045,1
80,310,O=C1C=CCCC1,0,OB(O)c1ccccc1,7,C12=CC=CC=C1C=CC3=C2C4=C(C=CC=C5)C5=CC=C4OP(CCCCP6OC7=CC=C8C(C=CC=C8)=C7C9=C(O6)C=CC%10=C9C=CC=C%10)O3,L1.98,R,100,28.5,169,100,2853.538506,71.5,2,2.853538506,0
81,320,O=C1C=CCCC1,0,OB(O)c1ccccc1,7,N=C(N)NCC1=CC=C(C(C2=C(C=CC(CNC(N)=N)=C3)C3=CC=C2P(C4=CC=CC=C4)C5=CC=CC=C5)=C(P(C6=CC=CC=C6)C7=CC=CC=C7)C=C8)C8=C1,L1.14,R,83,45.5,170,100,559.9415597,54.5,2,0.55994156,0
82,321,O=C1C=CCCC1,0,OB(O)c1ccccc1,7,N=C(N)NCC1=CC=C(C(C2=C(C=CC(CNC(N)=N)=C3)C3=CC=C2P(C4=CC=CC=C4)C5=CC=CC=C5)=C(P(C6=CC=CC=C6)C7=CC=CC=C7)C=C8)C8=C1,L1.14,R,100,23.5,170,100,3661.696217,76.5,2,3.661696217,0
83,322,O=C1C=CCCC1,0,OB(O)c1ccccc1,7,N=C(N)NCC1=CC=C(C(C2=C(C=CC(CNC(N)=N)=C3)C3=CC=C2P(C4=CC=CC=C4)C5=CC=CC=C5)=C(P(C6=CC=CC=C6)C7=CC=CC=C7)C=C8)C8=C1,L1.14,R,100,8,170,100,7577.061974,92,2,7.577061974,0
84,323,O=C1C=CCCC1,0,OB(O)c1ccccc1,7,N=C(N)NCC1=CC=C(C(C2=C(C=CC(CNC(N)=N)=C3)C3=CC=C2P(C4=CC=CC=C4)C5=CC=CC=C5)=C(P(C6=CC=CC=C6)C7=CC=CC=C7)C=C8)C8=C1,L1.14,R,8,5,170,100,9134.736506,95,2,9.134736506,0
85,324,O=C1C=CCCC1,0,OB(O)c1ccccc1,7,N=C(N)NCC1=CC=C(C(C2=C(C=CC(CNC(N)=N)=C3)C3=CC=C2P(C4=CC=CC=C4)C5=CC=CC=C5)=C(P(C6=CC=CC=C6)C7=CC=CC=C7)C=C8)C8=C1,L1.14,R,100,19.5,170,100,4398.67144,80.5,2,4.39867144,0
86,325,O=C1C=CCCC1,0,OB(O)c1ccccc1,7,N=C(N)NCC1=CC=C(C(C2=C(C=CC(CNC(N)=N)=C3)C3=CC=C2P(C4=CC=CC=C4)C5=CC=CC=C5)=C(P(C6=CC=CC=C6)C7=CC=CC=C7)C=C8)C8=C1,L1.14,R,100,4.5,170,100,9477.889153,95.5,2,9.477889153,0
87,326,O=C1C=CCCC1,0,OB(O)c1ccccc1,7,N=C(N)NCC1=CC=C(C(C2=C(C=CC(CNC(N)=N)=C3)C3=CC=C2P(C4=CC=CC=C4)C5=CC=CC=C5)=C(P(C6=CC=CC=C6)C7=CC=CC=C7)C=C8)C8=C1,L1.14,R,100,1,170,100,14255.75783,99,2,14.25575783,0
88,327,O=C1C=CCCC1,0,OB(O)c1ccccc1,7,N=C(N)NCC1=CC=C(C(C2=C(C=CC(CNC(N)=N)=C3)C3=CC=C2P(C4=CC=CC=C4)C5=CC=CC=C5)=C(P(C6=CC=CC=C6)C7=CC=CC=C7)C=C8)C8=C1,L1.14,R,100,17,170,100,4919.201027,83,2,4.919201027,0
89,328,O=C1C=CCCC1,0,OB(O)c1ccccc1,7,N=C(N)NCC1=CC=C(C(C2=C(C=CC(CNC(N)=N)=C3)C3=CC=C2P(C4=CC=CC=C4)C5=CC=CC=C5)=C(P(C6=CC=CC=C6)C7=CC=CC=C7)C=C8)C8=C1,L1.14,R,100,48,170,100,248.322023,52,2,0.248322023,0
90,329,O=C1C=CCCC1,0,OB(O)c1ccccc1,7,N=C(N)NCC1=CC=C(C(C2=C(C=CC(CNC(N)=N)=C3)C3=CC=C2P(C4=CC=CC=C4)C5=CC=CC=C5)=C(P(C6=CC=CC=C6)C7=CC=CC=C7)C=C8)C8=C1,L1.14,R,36,9.5,170,100,6992.92005,90.5,2,6.99292005,0
91,330,O=C1C=CCCC1,0,OB(O)c1ccccc1,7,N=C(N)NCC1=CC=C(C(C2=C(C=CC(CNC(N)=N)=C3)C3=CC=C2P(C4=CC=CC=C4)C5=CC=CC=C5)=C(P(C6=CC=CC=C6)C7=CC=CC=C7)C=C8)C8=C1,L1.14,R,66,6,170,100,8536.278133,94,2,8.536278133,0
92,331,O=C1C=CCCC1,0,OB(O)c1ccccc1,7,N=C(N)NCC1=CC=C(C(C2=C(C=CC(CNC(N)=N)=C3)C3=CC=C2P(C4=CC=CC=C4)C5=CC=CC=C5)=C(P(C6=CC=CC=C6)C7=CC=CC=C7)C=C8)C8=C1,L1.14,R,98,4.5,170,100,9477.889153,95.5,2,9.477889153,0
93,332,O=C1C=CCCC1,0,OB(O)c1ccccc1,7,N=C(N)NCC1=CC=C(C(C2=C(C=CC(CNC(N)=N)=C3)C3=CC=C2P(C4=CC=CC=C4)C5=CC=CC=C5)=C(P(C6=CC=CC=C6)C7=CC=CC=C7)C=C8)C8=C1,L1.14,R,100,1,170,100,14255.75783,99,2,14.25575783,0
94,333,O=C1C=CCCC1,0,OB(O)c1ccccc1,7,C12=CC=CC=C1C=CC(P(C3=CC=CC=C3)C4=CC=CC=C4)=C2C5=C(C=CC=C6)C6=CC=C5P(C7=CC=CC=C7)C8=CC=CC=C8,L1.1,R,99,1,171,110,14637.7961,99,2,14.6377961,0
95,370,O=C1C=CCCC1,0,OB(O)c1ccccc1,7,C12=CC=CC=C1C=CC(P(C3=CC=CC=C3)C4=CC=CC=C4)=C2C5=C(C=CC=C6)C6=CC=C5P(C7=CC=CC=C7)C8=CC=CC=C8,L1.18,S,95,99,175,100,14255.75783,99,1,14.25575783,1
96,371,O=C1C=CCCC1,0,OB(O)c1ccccc1,7,COC(C=CC=C1P(C2=CC=CC=C2)C3=CC=CC=C3)=C1C4=C(P(C5=CC=CC=C5)C6=CC=CC=C6)C=CC7=CC=CC=C74,L1.22,S,95,99,175,100,14255.75783,99,1,14.25575783,1
97,372,O=C1C=CCCC1,0,OB(O)c1ccccc1,7,CC(C(C)=C(C)C=C1P(C2=CC=CC=C2)C3=CC=CC=C3)=C1C4=C(P(C5=CC=CC=C5)C6=CC=CC=C6)C=CC7=CC=CC=C74,L1.24,S,95,99,175,100,14255.75783,99,1,14.25575783,1
98,373,O=C1C=CCCC1,0,OB(O)c1ccccc1,7,COC(C=CC=C1P(C2=CC=CC=C2)C3=CC=CC=C3)=C1C4=C(P(C5=CC=CC=C5)C6=CC=CC=C6)C=CC=C4OC,L1.45,S,97,99,175,100,14255.75783,99,1,14.25575783,1
99,374,O=C1C=CCCC1,0,OB(O)c1ccccc1,7,[C@H]1(P(C2=CC=CC=C2)C3=CC=CC=C3)C[C@H]4[C@@H](P(C5=CC=CC=C5)C6=CC=CC=C6)C[C@@H]1C4,L1.67,NoChiralAxis,65,6.5,176,50,7163.087698,93.5,0,7.163087698,0
100,375,O=C1C=CCCC1,0,OB(O)c1ccccc1,7,[C@H]1(P(C2=CC=CC=C2)C3=CC=CC=C3)C[C@H]4[C@@H](P(C5=CC=CC=C5)C6=CC=CC=C6)C[C@@H]1C4,L1.67,NoChiralAxis,63,5,176,50,7910.733222,95,0,7.910733222,0
101,376,O=C1C=CCCC1,0,OB(O)c1ccccc1,7,[C@H]1(P(C2=CC=CC=C2)C3=CC=CC=C3)C[C@H]4[C@@H](P(C5=CC=CC=C5)C6=CC=CC=C6)C[C@@H]1C4,L1.67,NoChiralAxis,78,4.5,176,50,8207.905346,95.5,0,8.207905346,0
102,377,O=C1C=CCCC1,0,OB(O)c1ccccc1,7,[C@H]1(P(C2=CC=CC=C2)C3=CC=CC=C3)C[C@H]4[C@@H](P(C5=CC=CC=C5)C6=CC=CC=C6)C[C@@H]1C4,L1.67,NoChiralAxis,83,5,176,60,8155.533879,95,0,8.155533879,0
103,378,O=C1C=CCCC1,0,OB(O)c1ccccc1,7,[C@H]1(P(C2=CC=CC=C2)C3=CC=CC=C3)C[C@H]4[C@@H](P(C5=CC=CC=C5)C6=CC=CC=C6)C[C@@H]1C4,L1.67,NoChiralAxis,66,7.5,176,100,7794.099338,92.5,0,7.794099338,0
104,379,O=C1C=CCCC1,0,OB(O)c1ccccc1,7,[C@H]1(P(C2=CC=CC=C2)C3=CC=CC=C3)C[C@H]4[C@@H](P(C5=CC=CC=C5)C6=CC=CC=C6)C[C@@H]1C4,L1.67,NoChiralAxis,69,5,176,50,7910.733222,95,0,7.910733222,0
105,380,O=C1C=CCCC1,0,OB(O)c1ccccc1,7,[C@H]1(P(C2=CC=CC=C2)C3=CC=CC=C3)C[C@H]4[C@@H](P(C5=CC=CC=C5)C6=CC=CC=C6)C[C@@H]1C4,L1.67,NoChiralAxis,76,4.5,176,50,8207.905346,95.5,0,8.207905346,0
106,381,O=C1C=CCCC1,0,OB(O)c1ccccc1,7,[C@H]1(P(C2=CC=CC=C2)C3=CC=CC=C3)C[C@H]4[C@@H](P(C5=CC=CC=C5)C6=CC=CC=C6)C[C@@H]1C4,L1.67,NoChiralAxis,67,5.5,176,50,7640.488601,94.5,0,7.640488601,0
107,382,O=C1C=CCCC1,0,OB(O)c1ccccc1,7,[C@H]1(P(C2=CC=CC=C2)C3=CC=CC=C3)C[C@H]4[C@@H](P(C5=CC=CC=C5)C6=CC=CC=C6)C[C@@H]1C4,L1.67,NoChiralAxis,74,5,176,50,7910.733222,95,0,7.910733222,0
108,383,O=C1C=CCCC1,0,OB(O)c1ccccc1,7,[C@H]1(P(C2=CC=CC=C2)C3=CC=CC=C3)C[C@H]4[C@@H](P(C5=CC=CC=C5)C6=CC=CC=C6)C[C@@H]1C4,L1.67,NoChiralAxis,50,6.5,176,80,7828.08114,93.5,0,7.82808114,0
109,384,O=C1C=CCCC1,0,OB(O)c1ccccc1,7,[C@H]1(P(C2=CC=CC=C2)C3=CC=CC=C3)C[C@H]4[C@@H](P(C5=CC=CC=C5)C6=CC=CC=C6)C[C@@H]1C4,L1.67,NoChiralAxis,43,7,176,100,8024.865092,93,0,8.024865092,0
110,385,O=C1C=CCCC1,0,OB(O)c1ccccc1,7,[C@H]1(P(C2=CC=CC=C2)C3=CC=CC=C3)C[C@H]4[C@@H](P(C5=CC=CC=C5)C6=CC=CC=C6)C[C@@H]1C4,L1.67,NoChiralAxis,72,7.5,176,100,7794.099338,92.5,0,7.794099338,0
111,386,O=C1C=CCCC1,0,OB(O)c1ccccc1,7,[C@H]1(P(C2=CC=CC=C2)C3=CC=CC=C3)C[C@H]4[C@@H](P(C5=CC=CC=C5)C6=CC=CC=C6)C[C@@H]1C4,L1.67,NoChiralAxis,50,4.5,176,45,8080.906965,95.5,0,8.080906965,0
112,389,O=C1C=CCCC1,0,Cc1ccccc1B(O)O,6,[C@H]1(P(C2=CC=CC=C2)C3=CC=CC=C3)C[C@H]4[C@@H](P(C5=CC=CC=C5)C6=CC=CC=C6)C[C@@H]1C4,L1.67,NoChiralAxis,69,11,234,50,5617.129501,89,0,5.617129501,0
113,412,O=C1C=CCCC1,0,Cc1ccccc1B(O)O,6,FC(C1=CC(P(C2=CC(C(F)(F)F)=CC(C(F)(F)F)=C2)C3=C(C4=C5OCCOC5=CC=C4P(C6=CC(C(F)(F)F)=CC(C(F)(F)F)=C6)C7=CC(C(F)(F)F)=CC(C(F)(F)F)=C7)C8C(OCCO8)C=C3)=CC(C(F)(F)F)=C1)(F)F,L1.33,R,86,3.5,238,20,8083.819167,96.5,2,8.083819167,0
114,413,O=C1C=CCCC1,0,Cc1ccccc1B(O)O,6,FC(C1=CC(P(C2=CC(C(F)(F)F)=CC(C(F)(F)F)=C2)C3=C(C4=C5OCCOC5=CC=C4P(C6=CC(C(F)(F)F)=CC(C(F)(F)F)=C6)C7=CC(C(F)(F)F)=CC(C(F)(F)F)=C7)C8C(OCCO8)C=C3)=CC(C(F)(F)F)=C1)(F)F,L1.33,R,86,3.5,238,20,8083.819167,96.5,2,8.083819167,0
115,416,O=C1C=CCCC1,0,Cc1ccccc1B(O)O,6,C12C(OCC2)C=CC(P(C3=CC=CC=C3)C4=CC=CC=C4)=C1C5=C(OCC6)C6=CC=C5P(C7=CC=CC=C7)C8=CC=CC=C8,L1.30,S,50,94.5,238,100,8822.67777,94.5,1,8.82267777,1
116,465,O=C1C=CCCC1,0,OB(O)c1ccccc1Cl,33,C12C(OCC2)C=CC(P(C3=CC=CC=C3)C4=CC=CC=C4)=C1C5=C(OCC6)C6=CC=C5P(C7=CC=CC=C7)C8=CC=CC=C8,L1.30,S,89,99.5,250,100,16421.78533,99.5,1,16.42178533,1
117,469,O=C1C=CCCC1,0,Cc1cccc(B(O)O)c1,33,FC1=CC(P(C2=CC(F)=C(F)C(F)=C2)C3=CC=CC(OC)=C3C4=C(P(C5=CC(F)=C(F)C(F)=C5)C6=CC(F)=C(F)C(F)=C6)C=CC=C4OC)=CC(F)=C1F,L1.42,R,92,0.5,251,20,12901.10242,99.5,2,12.90110242,0
118,472,O=C1C=CCCC1,0,B(O)(O)c1ccc(cc1)C(F)(F)F,17,CC([P@@](C)C1=NC2=CC=CC=C2N=C1[P@@](C(C)(C)C)C)(C)C,L1.68,NoChiralAxis,75,1.5,252,60,11590.51945,98.5,0,11.59051945,0
119,479,O=C1C=CCCC1,0,OB(O)c1ccccc1,7,C12=CC=C3C(C(C4=C(C=C(OCCOCCO2)C=C5)C5=CC=C4P(C6=CC=CC=C6)C7=CC=CC=C7)=C(P(C8=CC=CC=C8)C9=CC=CC=C9)C=C3)=C1,L1.12,R,75,4,177,100,9859.496001,96,2,9.859496001,0
120,480,O=C1C=CCCC1,0,OB(O)c1ccccc1,7,C12=CC=C3C(C(C4=C(C=C(OCCOCCO2)C=C5)C5=CC=C4P(C6=CC=CC=C6)C7=CC=CC=C7)=C(P(C8=CC=CC=C8)C9=CC=CC=C9)C=C3)=C1,L1.12,R,92,1.5,177,100,12982.14718,98.5,2,12.98214718,0
121,481,O=C1C=CCCC1,0,OB(O)c1ccccc1,7,COC1=CC=C2C(C(C3=C(C=C(OC)C=C4)C4=CC=C3P(C5=CC=CC=C5)C6=CC=CC=C6)=C(P(C7=CC=CC=C7)C8=CC=CC=C8)C=C2)=C1,L1.6,R,83,3,177,100,10784.14116,97,2,10.78414116,0
122,482,O=C1C=CCCC1,0,OB(O)c1ccccc1,7,C12=CC=C3C(C(C4=C(C=C(OCCCCCCO2)C=C5)C5=CC=C4P(C6=CC=CC=C6)C7=CC=CC=C7)=C(P(C8=CC=CC=C8)C9=CC=CC=C9)C=C3)=C1,L1.10,R,90,4.5,177,100,9477.889153,95.5,2,9.477889153,0
123,483,O=C1C=CCCC1,0,OB(O)c1ccccc1,7,C12=CC=C3C(C(C4=C(C=C(OCCCCCCCCO2)C=C5)C5=CC=C4P(C6=CC=CC=C6)C7=CC=CC=C7)=C(P(C8=CC=CC=C8)C9=CC=CC=C9)C=C3)=C1,L1.11,R,82,4,177,100,9859.496001,96,2,9.859496001,0
124,484,O=C1C=CCCC1,0,OB(O)c1ccccc1,7,C12=CC=C3C(C(C4=C(C=C(OCCOCCO2)C=C5)C5=CC=C4P(C6=CC=CC=C6)C7=CC=CC=C7)=C(P(C8=CC=CC=C8)C9=CC=CC=C9)C=C3)=C1,L1.12,R,99,1.5,177,100,12982.14718,98.5,2,12.98214718,0
125,485,O=C1C=CCCC1,0,OB(O)c1ccccc1,7,C12=CC=C3C(C(C4=C(C=C(OCCOCCOCCO2)C=C5)C5=CC=C4P(C6=CC=CC=C6)C7=CC=CC=C7)=C(P(C8=CC=CC=C8)C9=CC=CC=C9)C=C3)=C1,L1.13,R,92,1.5,177,100,12982.14718,98.5,2,12.98214718,0
126,486,O=C1C=CCCC1,0,OB(O)c1ccccc1,7,C12=CC=C3C(C(C4=C(C=C(OCCOCCOCCO2)C=C5)C5=CC=C4P(C6=CC=CC=C6)C7=CC=CC=C7)=C(P(C8=CC=CC=C8)C9=CC=CC=C9)C=C3)=C1,L1.13,R,84,1.5,177,100,12982.14718,98.5,2,12.98214718,0
127,487,O=C1C=CCCC1,0,OB(O)c1ccccc1,7,C12=CC=C3C(C(C4=C(C=C(OCCOCCOCCO2)C=C5)C5=CC=C4P(C6=CC=CC=C6)C7=CC=CC=C7)=C(P(C8=CC=CC=C8)C9=CC=CC=C9)C=C3)=C1,L1.13,R,89,2,177,100,12073.86304,98,2,12.07386304,0
128,488,O=C1C=CCCC1,0,OB(O)c1ccccc1,7,C12=CC=C3C(C(C4=C(C=C(OCCOCCOCCO2)C=C5)C5=CC=C4P(C6=CC=CC=C6)C7=CC=CC=C7)=C(P(C8=CC=CC=C8)C9=CC=CC=C9)C=C3)=C1,L1.13,R,80,2,177,100,12073.86304,98,2,12.07386304,0
129,489,O=C1C=CCCC1,0,OB(O)c1ccccc1,7,C12=CC=CC=C1C=CC(P(C3=CC=CC=C3)C4=CC=CC=C4)=C2C5=C(C=CC=C6)C6=CC=C5P(C7=CC=CC=C7)C8=CC=CC=C8,L1.1,R,99,1.5,177,100,12982.14718,98.5,2,12.98214718,0
130,490,O=C1C=CCCC1,0,OB(O)c1ccccc1,7,IC1=C2C(C(C3=C(C=CC=C4I)C4=CC=C3P(C5=CC=CC=C5)C6=CC=CC=C6)=C(P(C7=CC=CC=C7)C8=CC=CC=C8)C=C2)=CC=C1,L1.15,R,97,1,177,100,14255.75783,99,2,14.25575783,0
131,491,O=C1C=CCCC1,0,OB(O)c1ccccc1,7,C[Si](C#CC1=CC=CC(C1=CC=C2P(C3=CC=CC=C3)C4=CC=CC=C4)=C2C5=C(P(C6=CC=CC=C6)C7=CC=CC=C7)C=CC8=C(C#C[Si](C)(C)C)C=CC=C85)(C)C,L1.16,R,99,1.5,177,100,12982.14718,98.5,2,12.98214718,0
132,505,O=C1C=CCCC1,0,OB(O)c1ccccc1,7,CC([P@@](C)C1=NC2=CC=CC=C2N=C1[P@@](C(C)(C)C)C)(C)C,L1.68,NoChiralAxis,93,1,179,40,11963.52825,99,0,11.96352825,0
133,506,O=C1C=CCCC1,0,OB(O)c1ccccc1,7,C12=CC=CC=C1C=CC(P(C3=CC=CC=C3)C4=CC=CC=C4)=C2C5=C(C=CC=C6)C6=CC=C5P(C7=CC=CC=C7)C8=CC=CC=C8,L1.1,R,99,1.5,177,100,12982.14718,98.5,2,12.98214718,0
134,518,O=C1C=CCCC1,0,OB(O)c1ccccc1,7,CCOC(C=C1)=CC(C1=CC=C2P(C3=CC=CC=C3)C4=CC=CC=C4)=C2C5=C(P(C6=CC=CC=C6)C7=CC=CC=C7)C=CC8=CC=C(OCC)C=C85,L1.7,R,93,1,182,100,14255.75783,99,2,14.25575783,0
135,519,O=C1C=CCCC1,0,OB(O)c1ccccc1,7,CCCOC(C=C1)=CC(C1=CC=C2P(C3=CC=CC=C3)C4=CC=CC=C4)=C2C5=C(P(C6=CC=CC=C6)C7=CC=CC=C7)C=CC8=CC=C(OCCC)C=C85,L1.8,R,90,0.5,182,100,16421.78533,99.5,2,16.42178533,0
136,520,O=C1C=CCCC1,0,OB(O)c1ccccc1,7,CC(C)OC(C=C1)=CC(C1=CC=C2P(C3=CC=CC=C3)C4=CC=CC=C4)=C2C5=C(P(C6=CC=CC=C6)C7=CC=CC=C7)C=CC8=CC=C(OC(C)C)C=C85,L1.9,R,85,2,182,100,12073.86304,98,2,12.07386304,0
137,521,O=C1C=CCCC1,0,OB(O)c1ccccc1,7,CN(P1OC2=C(C3=C(O1)C=C(COCC4=CC(OP(N(C)C)O5)=C(C6=C5C=CC7=C6C=CC=C7)C8=C4C=CC=C8)C9=C3C=CC=C9)C%10=C(C=C2)C=CC=C%10)C,L1.90,R,46,1.5,183,50,11242.61252,98.5,2,11.24261252,0
138,522,O=C1C=CCCC1,0,OB(O)c1ccccc1,7,CN(P1OC2=C(C3=C(O1)C=C(COCC4=CC(OP(N(C)C)O5)=C(C6=C5C=CC7=C6C=CC=C7)C8=C4C=CC=C8)C9=C3C=CC=C9)C%10=C(C=C2)C=CC=C%10)C,L1.90,R,26,1,183,50,12345.56651,99,2,12.34556651,0
139,523,O=C1C=CCCC1,0,OB(O)c1ccccc1,7,CN(P1OC2=C(C3=C(O1)C=C(COCC4=CC(OP(N(C)C)O5)=C(C6=C5C=CC7=C6C=CC=C7)C8=C4C=CC=C8)C9=C3C=CC=C9)C%10=C(C=C2)C=CC=C%10)C,L1.90,R,84,1,183,50,12345.56651,99,2,12.34556651,0
140,530,O=C1C=CCCC1,0,OB(O)c1ccccc1,7,CN(P1OC2=C(C3=C(O1)C=C(COCC4=CC(OP(N(C)C)O5)=C(C6=C5C=CC7=C6C=CC=C7)C8=C4C=CC=C8)C9=C3C=CC=C9)C%10=C(C=C2)C=CC=C%10)C,L1.90,R,99,0.5,183,20,12901.10242,99.5,2,12.90110242,0
141,531,O=C1C=CCCC1,0,OB(O)c1ccccc1,7,CN(P1OC2=C(C3=C(O1)C=C(COCC4=CC(OP(N(C)C)O5)=C(C6=C5C=CC7=C6C=CC=C7)C8=C4C=CC=C8)C9=C3C=CC=C9)C%10=C(C=C2)C=CC=C%10)C,L1.90,R,94,0.5,183,50,14221.35851,99.5,2,14.22135851,0
142,532,O=C1C=CCCC1,0,OB(O)c1ccccc1,7,CCN(P1OC2=C(C3=C(O1)C=C(COCC4=CC(OP(N(CC)CC)O5)=C(C6=C5C=CC7=C6C=CC=C7)C8=C4C=CC=C8)C9=C3C=CC=C9)C%10=C(C=C2)C=CC=C%10)CC,L1.91,R,62,8.5,183,20,5791.568765,91.5,2,5.791568765,0
143,544,O=C1C=CCCC1,0,OB(O)c1ccccc1,7,CC([P@@](C#CC(C)(C)C)CC[P@](C#CC(C)(C)C)C(C)(C)C)(C)C,L1.71,NoChiralAxis,94,27,184,50,2672.221739,73,0,2.672221739,0
144,545,O=C1C=CCCC1,0,OB(O)c1ccccc1,7,CC([P@@](C#CC1=CC=CC=C1)CC[P@](C#CC2=CC=CC=C2)C(C)(C)C)(C)C,L1.72,NoChiralAxis,93,0.5,184,40,13781.27315,99.5,0,13.78127315,0
145,546,O=C1C=CCCC1,0,OB(O)c1ccccc1,7,CC([P@@](C#C[Si](C(C)C)(C(C)C)C(C)C)CC[P@](C#C[Si](C(C)C)(C(C)C)C(C)C)C(C)(C)C)(C)C,L1.73,NoChiralAxis,64,16,184,70,4730.840299,84,0,4.730840299,0
146,547,O=C1C=CCCC1,0,OB(O)c1ccccc1,7,CC([P@@](C#CC)CC[P@](C#CC)C(C)(C)C)(C)C,L1.70,NoChiralAxis,91,0.5,184,40,13781.27315,99.5,0,13.78127315,0
147,548,O=C1C=CCCC1,0,OB(O)c1ccccc1,7,C[P@](C(C)(C)C)CC[P@](C)C(C)(C)C,L1.74,NoChiralAxis,37,40,184,40,1055.640208,60,0,1.055640208,0
148,571,O=C1C=CCCC1,0,OB(O)c1ccccc1,7,C12=CC=CC=C1C=CC(P(C3=CC=CC=C3)C4=CC=CC=C4)=C2C5=C(C=CC=C6)C6=CC=C5P(C7=CC=CC=C7)C8=CC=CC=C8,L1.18,S,80,99.5,187,25,,99.5,1,0,1
149,613,O=C1C=CCCC1,0,OB(O)c1ccccc1,7,C12=CC=CC=C1C=CC(P(C3=CC=CC=C3)C4=CC=CC=C4)=C2C5=C(C=CC=C6)C6=CC=C5P(C7=CC=CC=C7)C8=CC=CC=C8,L1.1,R,94,0.5,190,35,13561.23046,99.5,2,13.56123046,0
150,614,O=C1C=CCCC1,0,OB(O)c1ccccc1,7,COC(C=CC=C1P(C2=CC=C(C(F)(F)F)C=C2)C3=CC=C(C(F)(F)F)C=C3)=C1C4=C(P(C5=CC=C(C(F)(F)F)C=C5)C6=CC=C(C(F)(F)F)C=C6)C=CC=C4OC,L1.39,R,10,1.5,190,35,10720.75212,98.5,2,10.72075212,0
151,615,O=C1C=CCCC1,0,OB(O)c1ccccc1,7,COC(C=CC=C1P(C2=CC=C(C(F)(F)F)C=C2)C3=CC=C(C(F)(F)F)C=C3)=C1C4=C(P(C5=CC=C(C(F)(F)F)C=C5)C6=CC=C(C(F)(F)F)C=C6)C=CC=C4OC,L1.39,R,86,2,190,20,9485.335519,98,2,9.485335519,0
152,616,O=C1C=CCCC1,0,OB(O)c1ccccc1,7,FC1=CC(P(C2=CC(F)=C(F)C(F)=C2)C3=CC=CC(OC)=C3C4=C(P(C5=CC(F)=C(F)C(F)=C5)C6=CC(F)=C(F)C(F)=C6)C=CC=C4OC)=CC(F)=C1F,L1.42,R,98,0.5,190,35,13561.23046,99.5,2,13.56123046,0
153,617,O=C1C=CCCC1,0,OB(O)c1ccccc1,7,FC1=CC(P(C2=CC(F)=C(F)C(F)=C2)C3=CC=CC(OC)=C3C4=C(P(C5=CC(F)=C(F)C(F)=C5)C6=CC(F)=C(F)C(F)=C6)C=CC=C4OC)=CC(F)=C1F,L1.42,R,75,0.5,190,20,12901.10242,99.5,2,12.90110242,0
154,618,O=C1C=CCCC1,0,OB(O)c1ccccc1,7,FC1=CC(P(C2=CC(F)=C(F)C(F)=C2)C3=CC=CC(OC)=C3C4=C(P(C5=CC(F)=C(F)C(F)=C5)C6=CC(F)=C(F)C(F)=C6)C=CC=C4OC)=CC(F)=C1F,L1.42,R,98,0.5,190,20,12901.10242,99.5,2,12.90110242,0
155,619,O=C1C=CCCC1,0,OB(O)c1ccccc1,7,C12=CC=CC=C1C=CC(P(C3=CC=CC=C3)C4=CC=CC=C4)=C2C5=C(C=CC=C6)C6=CC=C5P(C7=CC=CC=C7)C8=CC=CC=C8,L1.1,R,30,1.5,190,20,10198.89172,98.5,2,10.19889172,0
156,620,O=C1C=CCCC1,0,OB(O)c1ccccc1,7,COC(C=CC=C1P(C2=CC=CC=C2)C3=CC=CC=C3)=C1C4=C(P(C5=CC=CC=C5)C6=CC=CC=C6)C=CC=C4OC,L1.38,R,39,0.5,190,20,12901.10242,99.5,2,12.90110242,0
157,621,O=C1C=CCCC1,0,OB(O)c1ccccc1,7,FC1=CC(P(C2=CC(F)=C(F)C(F)=C2)C3=CC=CC(OC)=C3C4=C(P(C5=CC(F)=C(F)C(F)=C5)C6=CC(F)=C(F)C(F)=C6)C=CC=C4OC)=CC(F)=C1F,L1.42,R,52,0.5,190,20,12901.10242,99.5,2,12.90110242,0
158,622,O=C1C=CCCC1,0,OB(O)c1ccccc1,7,FC1=CC(P(C2=CC(F)=C(F)C(F)=C2)C3=CC=CC(OC)=C3C4=C(P(C5=CC(F)=C(F)C(F)=C5)C6=CC(F)=C(F)C(F)=C6)C=CC=C4OC)=CC(F)=C1F,L1.42,R,68,0.5,190,20,12901.10242,99.5,2,12.90110242,0
159,623,O=C1C=CCCC1,0,OB(O)c1ccccc1,7,FC1=CC(P(C2=CC(F)=C(F)C(F)=C2)C3=CC=CC(OC)=C3C4=C(P(C5=CC(F)=C(F)C(F)=C5)C6=CC(F)=C(F)C(F)=C6)C=CC=C4OC)=CC(F)=C1F,L1.42,R,99,0.5,190,20,12901.10242,99.5,2,12.90110242,0
160,624,O=C1C=CCCC1,0,OB(O)c1ccccc1,7,[C@H]1(C2=CC=CC=C2)C(CP(C3=CC=CC=C3)C4=CC=CC=C4)([C@H]1C5=CC=CC=C5)CP(C6=CC=CC=C6)C7=CC=CC=C7,L1.103,NoChiralAxis,71,91.5,190,50,6384.258729,91.5,0,6.384258729,1
161,625,O=C1C=CCCC1,0,OB(O)c1ccccc1,7,[C@H]1(C2=CC(C3=CC=CC=C3)=CC(C4=CC=CC=C4)=C2)C(CP(C5=CC=CC=C5)C6=CC=CC=C6)([C@H]1C7=CC(C8=CC=CC=C8)=CC(C9=CC=CC=C9)=C7)CP(C%10=CC=CC=C%10)C%11=CC=CC=C%11,L1.104,NoChiralAxis,71,91.5,191,50,6384.258729,91.5,0,6.384258729,1
162,677,O=C1C=CCCC1,0,OB(O)c1ccccc1,7,FC1=CC(P(C2=CC(F)=C(F)C(F)=C2)C3=CC=CC(OC)=C3C4=C(P(C5=CC(F)=C(F)C(F)=C5)C6=CC(F)=C(F)C(F)=C6)C=CC=C4OC)=CC(F)=C1F,L1.42,R,79,0.5,197,30,13341.18778,99.5,2,13.34118778,0
163,678,O=C1C=CCCC1,0,OB(O)c1ccccc1,7,FC1=CC(P(C2=CC(F)=C(F)C(F)=C2)C3=CC=CC(OC)=C3C4=C(P(C5=CC(F)=C(F)C(F)=C5)C6=CC(F)=C(F)C(F)=C6)C=CC=C4OC)=CC(F)=C1F,L1.42,R,24,0.5,197,30,13341.18778,99.5,2,13.34118778,0
164,679,O=C1C=CCCC1,0,OB(O)c1ccccc1,7,FC1=CC(P(C2=CC(F)=C(F)C(F)=C2)C3=CC=CC(OC)=C3C4=C(P(C5=CC(F)=C(F)C(F)=C5)C6=CC(F)=C(F)C(F)=C6)C=CC=C4OC)=CC(F)=C1F,L1.42,R,18,0.5,197,30,13341.18778,99.5,2,13.34118778,0
165,680,O=C1C=CCCC1,0,OB(O)c1ccccc1,7,FC1=CC(P(C2=CC(F)=C(F)C(F)=C2)C3=CC=CC(OC)=C3C4=C(P(C5=CC(F)=C(F)C(F)=C5)C6=CC(F)=C(F)C(F)=C6)C=CC=C4OC)=CC(F)=C1F,L1.42,R,23,0.5,197,30,13341.18778,99.5,2,13.34118778,0
166,681,O=C1C=CCCC1,0,OB(O)c1ccccc1,7,FC1=CC(P(C2=CC(F)=C(F)C(F)=C2)C3=CC=CC(OC)=C3C4=C(P(C5=CC(F)=C(F)C(F)=C5)C6=CC(F)=C(F)C(F)=C6)C=CC=C4OC)=CC(F)=C1F,L1.42,R,15,0.5,197,30,13341.18778,99.5,2,13.34118778,0
167,682,O=C1C=CCCC1,0,OB(O)c1ccccc1,7,FC1=CC(P(C2=CC(F)=C(F)C(F)=C2)C3=CC=CC(OC)=C3C4=C(P(C5=CC(F)=C(F)C(F)=C5)C6=CC(F)=C(F)C(F)=C6)C=CC=C4OC)=CC(F)=C1F,L1.42,R,12,0.5,197,30,13341.18778,99.5,2,13.34118778,0
168,683,O=C1C=CCCC1,0,OB(O)c1ccccc1,7,FC1=CC(P(C2=CC(F)=C(F)C(F)=C2)C3=CC=CC(OC)=C3C4=C(P(C5=CC(F)=C(F)C(F)=C5)C6=CC(F)=C(F)C(F)=C6)C=CC=C4OC)=CC(F)=C1F,L1.42,R,24,0.5,197,30,13341.18778,99.5,2,13.34118778,0
169,684,O=C1C=CCCC1,0,OB(O)c1ccccc1,7,FC1=CC(P(C2=CC(F)=C(F)C(F)=C2)C3=CC=CC(OC)=C3C4=C(P(C5=CC(F)=C(F)C(F)=C5)C6=CC(F)=C(F)C(F)=C6)C=CC=C4OC)=CC(F)=C1F,L1.42,R,5,0.5,197,30,13341.18778,99.5,2,13.34118778,0
170,685,O=C1C=CCCC1,0,OB(O)c1ccccc1,7,FC1=CC(P(C2=CC(F)=C(F)C(F)=C2)C3=CC=CC(OC)=C3C4=C(P(C5=CC(F)=C(F)C(F)=C5)C6=CC(F)=C(F)C(F)=C6)C=CC=C4OC)=CC(F)=C1F,L1.42,R,20,1,197,30,11581.48998,99,2,11.58148998,0
171,686,O=C1C=CCCC1,0,OB(O)c1ccccc1,7,FC1=CC(P(C2=CC(F)=C(F)C(F)=C2)C3=CC=CC(OC)=C3C4=C(P(C5=CC(F)=C(F)C(F)=C5)C6=CC(F)=C(F)C(F)=C6)C=CC=C4OC)=CC(F)=C1F,L1.42,R,78,0.5,197,30,13341.18778,99.5,2,13.34118778,0
172,687,O=C1C=CCCC1,0,OB(O)c1ccccc1,7,FC1=CC(P(C2=CC(F)=C(F)C(F)=C2)C3=CC=CC(OC)=C3C4=C(P(C5=CC(F)=C(F)C(F)=C5)C6=CC(F)=C(F)C(F)=C6)C=CC=C4OC)=CC(F)=C1F,L1.42,R,79,0.5,197,30,13341.18778,99.5,2,13.34118778,0
173,688,O=C1C=CCCC1,0,OB(O)c1ccccc1,7,FC1=CC(P(C2=CC(F)=C(F)C(F)=C2)C3=CC=CC(OC)=C3C4=C(P(C5=CC(F)=C(F)C(F)=C5)C6=CC(F)=C(F)C(F)=C6)C=CC=C4OC)=CC(F)=C1F,L1.42,R,79,0.5,197,30,13341.18778,99.5,2,13.34118778,0
174,689,O=C1C=CCCC1,0,OB(O)c1ccccc1,7,FC1=CC(P(C2=CC(F)=C(F)C(F)=C2)C3=CC=CC(OC)=C3C4=C(P(C5=CC(F)=C(F)C(F)=C5)C6=CC(F)=C(F)C(F)=C6)C=CC=C4OC)=CC(F)=C1F,L1.42,R,80,0.5,197,30,13341.18778,99.5,2,13.34118778,0
175,690,O=C1C=CCCC1,0,OB(O)c1ccccc1,7,FC1=CC(P(C2=CC(F)=C(F)C(F)=C2)C3=CC=CC(OC)=C3C4=C(P(C5=CC(F)=C(F)C(F)=C5)C6=CC(F)=C(F)C(F)=C6)C=CC=C4OC)=CC(F)=C1F,L1.42,R,86,0.5,197,30,13341.18778,99.5,2,13.34118778,0
176,691,O=C1C=CCCC1,0,OB(O)c1ccccc1,7,FC1=CC(P(C2=CC(F)=C(F)C(F)=C2)C3=CC=CC(OC)=C3C4=C(P(C5=CC(F)=C(F)C(F)=C5)C6=CC(F)=C(F)C(F)=C6)C=CC=C4OC)=CC(F)=C1F,L1.42,R,86,0.5,197,30,13341.18778,99.5,2,13.34118778,0
177,692,O=C1C=CCCC1,0,OB(O)c1ccccc1,7,FC1=CC(P(C2=CC(F)=C(F)C(F)=C2)C3=CC=CC(OC)=C3C4=C(P(C5=CC(F)=C(F)C(F)=C5)C6=CC(F)=C(F)C(F)=C6)C=CC=C4OC)=CC(F)=C1F,L1.42,R,82,0.5,197,30,13341.18778,99.5,2,13.34118778,0
178,693,O=C1C=CCCC1,0,OB(O)c1ccccc1,7,FC1=CC(P(C2=CC(F)=C(F)C(F)=C2)C3=CC=CC(OC)=C3C4=C(P(C5=CC(F)=C(F)C(F)=C5)C6=CC(F)=C(F)C(F)=C6)C=CC=C4OC)=CC(F)=C1F,L1.42,R,82,0.5,198,30,13341.18778,99.5,2,13.34118778,0
179,694,O=C1C=CCCC1,0,OB(O)c1ccccc1,7,FC1=CC(P(C2=CC(F)=C(F)C(F)=C2)C3=CC=CC(OC)=C3C4=C(P(C5=CC(F)=C(F)C(F)=C5)C6=CC(F)=C(F)C(F)=C6)C=CC=C4OC)=CC(F)=C1F,L1.42,R,76,0.5,198,30,13341.18778,99.5,2,13.34118778,0
180,695,O=C1C=CCCC1,0,OB(O)c1ccccc1,7,FC1=CC(P(C2=CC(F)=C(F)C(F)=C2)C3=CC=CC(OC)=C3C4=C(P(C5=CC(F)=C(F)C(F)=C5)C6=CC(F)=C(F)C(F)=C6)C=CC=C4OC)=CC(F)=C1F,L1.42,R,52,0.5,198,30,13341.18778,99.5,2,13.34118778,0
181,696,O=C1C=CCCC1,0,OB(O)c1ccccc1,7,FC1=CC(P(C2=CC(F)=C(F)C(F)=C2)C3=CC=CC(OC)=C3C4=C(P(C5=CC(F)=C(F)C(F)=C5)C6=CC(F)=C(F)C(F)=C6)C=CC=C4OC)=CC(F)=C1F,L1.42,R,32,0.5,198,30,13341.18778,99.5,2,13.34118778,0
182,697,O=C1C=CCCC1,0,OB(O)c1ccccc1,7,FC1=CC(P(C2=CC(F)=C(F)C(F)=C2)C3=CC=CC(OC)=C3C4=C(P(C5=CC(F)=C(F)C(F)=C5)C6=CC(F)=C(F)C(F)=C6)C=CC=C4OC)=CC(F)=C1F,L1.42,R,36,0.5,198,30,13341.18778,99.5,2,13.34118778,0
183,698,O=C1C=CCCC1,0,OB(O)c1ccccc1,7,FC1=CC(P(C2=CC(F)=C(F)C(F)=C2)C3=CC=CC(OC)=C3C4=C(P(C5=CC(F)=C(F)C(F)=C5)C6=CC(F)=C(F)C(F)=C6)C=CC=C4OC)=CC(F)=C1F,L1.42,R,62,0.5,198,30,13341.18778,99.5,2,13.34118778,0
184,699,O=C1C=CCCC1,0,OB(O)c1ccccc1,7,FC1=CC(P(C2=CC(F)=C(F)C(F)=C2)C3=CC=CC(OC)=C3C4=C(P(C5=CC(F)=C(F)C(F)=C5)C6=CC(F)=C(F)C(F)=C6)C=CC=C4OC)=CC(F)=C1F,L1.42,R,30,0.5,198,30,13341.18778,99.5,2,13.34118778,0
185,700,O=C1C=CCCC1,0,OB(O)c1ccccc1,7,FC1=CC(P(C2=CC(F)=C(F)C(F)=C2)C3=CC=CC(OC)=C3C4=C(P(C5=CC(F)=C(F)C(F)=C5)C6=CC(F)=C(F)C(F)=C6)C=CC=C4OC)=CC(F)=C1F,L1.42,R,18,0.5,198,30,13341.18778,99.5,2,13.34118778,0
186,701,O=C1C=CCCC1,0,OB(O)c1ccccc1,7,FC1=CC(P(C2=CC(F)=C(F)C(F)=C2)C3=CC=CC(OC)=C3C4=C(P(C5=CC(F)=C(F)C(F)=C5)C6=CC(F)=C(F)C(F)=C6)C=CC=C4OC)=CC(F)=C1F,L1.42,R,16,1,198,30,11581.48998,99,2,11.58148998,0
187,702,O=C1C=CCCC1,0,OB(O)c1ccccc1,7,FC1=CC(P(C2=CC(F)=C(F)C(F)=C2)C3=CC=CC(OC)=C3C4=C(P(C5=CC(F)=C(F)C(F)=C5)C6=CC(F)=C(F)C(F)=C6)C=CC=C4OC)=CC(F)=C1F,L1.42,R,20,0.5,198,30,13341.18778,99.5,2,13.34118778,0
188,703,O=C1C=CCCC1,0,OB(O)c1ccccc1,7,FC1=CC(P(C2=CC(F)=C(F)C(F)=C2)C3=CC=CC(OC)=C3C4=C(P(C5=CC(F)=C(F)C(F)=C5)C6=CC(F)=C(F)C(F)=C6)C=CC=C4OC)=CC(F)=C1F,L1.42,R,90,0.5,198,80,15541.6146,99.5,2,15.5416146,0
189,704,O=C1C=CCCC1,0,OB(O)c1ccccc1,7,FC1=CC(P(C2=CC(F)=C(F)C(F)=C2)C3=CC=CC(OC)=C3C4=C(P(C5=CC(F)=C(F)C(F)=C5)C6=CC(F)=C(F)C(F)=C6)C=CC=C4OC)=CC(F)=C1F,L1.42,R,41,0.5,198,30,13341.18778,99.5,2,13.34118778,0
190,705,O=C1C=CCCC1,0,OB(O)c1ccccc1,7,FC1=CC(P(C2=CC(F)=C(F)C(F)=C2)C3=CC=CC(OC)=C3C4=C(P(C5=CC(F)=C(F)C(F)=C5)C6=CC(F)=C(F)C(F)=C6)C=CC=C4OC)=CC(F)=C1F,L1.42,R,92,0.5,198,50,14221.35851,99.5,2,14.22135851,0
191,706,O=C1C=CCCC1,0,OB(O)c1ccccc1,7,FC1=CC(P(C2=CC(F)=C(F)C(F)=C2)C3=CC=CC(OC)=C3C4=C(P(C5=CC(F)=C(F)C(F)=C5)C6=CC(F)=C(F)C(F)=C6)C=CC=C4OC)=CC(F)=C1F,L1.42,R,53,1,199,100,14255.75783,99,2,14.25575783,0
192,707,O=C1C=CCCC1,0,OB(O)c1ccccc1,7,FC1=CC(P(C2=CC(F)=C(F)C(F)=C2)C3=CC=CC(OC)=C3C4=C(P(C5=CC(F)=C(F)C(F)=C5)C6=CC(F)=C(F)C(F)=C6)C=CC=C4OC)=CC(F)=C1F,L1.42,R,96,1,199,100,14255.75783,99,2,14.25575783,0
193,708,O=C1C=CCCC1,0,OB(O)c1ccccc1,7,FC1=CC(P(C2=CC(F)=C(F)C(F)=C2)C3=CC=CC(OC)=C3C4=C(P(C5=CC(F)=C(F)C(F)=C5)C6=CC(F)=C(F)C(F)=C6)C=CC=C4OC)=CC(F)=C1F,L1.42,R,80,1,199,100,14255.75783,99,2,14.25575783,0
194,795,O=C1C=CCCC1,0,OB(O)c1ccccc1,7,C1(C(C2=C(OCCO3)C3=CC=C2P(C4=CC=CC=C4)C5=CC=CC=C5)=C(P(C6=CC=CC=C6)C7=CC=CC=C7)C=C8)C8OCCO1,L1.31,R,20,1,208,20,11199.45172,99,2,11.19945172,0
195,796,O=C1C=CCCC1,0,OB(O)c1ccccc1,7,FC(C(C=C1)=CC=C1P(C2=CC=C(C(F)(F)F)C=C2)C3=C(C4=C5OCCOC5=CC=C4P(C6=CC=C(C(F)(F)F)C=C6)C7=CC=C(C(F)(F)F)C=C7)C8C(OCCO8)C=C3)(F)F,L1.32,R,92,0.5,208,20,12901.10242,99.5,2,12.90110242,0
196,797,O=C1C=CCCC1,0,OB(O)c1ccccc1,7,FC(C1=CC(P(C2=CC(C(F)(F)F)=CC(C(F)(F)F)=C2)C3=C(C4=C5OCCOC5=CC=C4P(C6=CC(C(F)(F)F)=CC(C(F)(F)F)=C6)C7=CC(C(F)(F)F)=CC(C(F)(F)F)=C7)C8C(OCCO8)C=C3)=CC(C(F)(F)F)=C1)(F)F,L1.33,R,95,0.5,208,20,12901.10242,99.5,2,12.90110242,0
197,798,O=C1C=CCCC1,0,OB(O)c1ccccc1,7,FC(O1)(F)OC2C1C(C3=C(OC(F)(F)O4)C4=CC=C3P(C5=CC=CC=C5)C6=CC=CC=C6)=C(P(C7=CC=CC=C7)C8=CC=CC=C8)C=C2,L1.28,R,56,3,208,20,8472.118403,97,2,8.472118403,0
198,799,O=C1C=CCCC1,0,OB(O)c1ccccc1,7,FC(C(C=C1)=CC=C1P(C2=CC=C(C(F)(F)F)C=C2)C3=C(C4=C5OCCOC5=CC=C4P(C6=CC=C(C(F)(F)F)C=C6)C7=CC=C(C(F)(F)F)C=C7)C8C(OCCO8)C=C3)(F)F,L1.32,R,92,0.5,208,20,12901.10242,99.5,2,12.90110242,0
199,800,O=C1C=CCCC1,0,OB(O)c1ccccc1,7,FC(C1=CC(P(C2=CC(C(F)(F)F)=CC(C(F)(F)F)=C2)C3=C(C4=C5OCCOC5=CC=C4P(C6=CC(C(F)(F)F)=CC(C(F)(F)F)=C6)C7=CC(C(F)(F)F)=CC(C(F)(F)F)=C7)C8C(OCCO8)C=C3)=CC(C(F)(F)F)=C1)(F)F,L1.33,R,95,0.5,208,20,12901.10242,99.5,2,12.90110242,0
200,801,O=C1C=CCCC1,0,OB(O)c1ccccc1,7,FC1=CC(P(C2=CC(F)=C(F)C(F)=C2)C3=C(C4=C5OCCOC5=CC=C4P(C6=CC(F)=C(F)C(F)=C6)C7=CC(F)=C(F)C(F)=C7)C8C(OCCO8)C=C3)=CC(F)=C1F,L1.34,R,82,0.5,208,20,12901.10242,99.5,2,12.90110242,0
201,882,O=C1C=CCCC1,0,OB(O)c1ccccc1,7,FC(OC1=C(C2=C(C=CC=C2OC(F)(F)F)P(C3=CC=CC=C3)C4=CC=CC=C4)C(P(C5=CC=CC=C5)C6=CC=CC=C6)=CC=C1)(F)F,L1.32,S,92,0.5,208,20,12901.10242,99.5,1,12.90110242,0
202,917,O=C1C=CCCC1,0,OB(O)c1ccccc1,7,C12=CC=CC=C1C=CC(P(C3=CC=CC=C3)C4=CC=CC=C4)=C2C5=C(C=CC=C6)C6=CC=C5P(C7=CC=CC=C7)C8=CC=CC=C8,L1.18,S,93,1.5,218,100,12982.14718,98.5,1,12.98214718,0
203,938,O=C1C=CCCC1,0,OB(O)c1ccccc1,7,FC1=CC(P(C2=CC(F)=C(F)C(F)=C2)C3=CC=CC(OC)=C3C4=C(P(C5=CC(F)=C(F)C(F)=C5)C6=CC(F)=C(F)C(F)=C6)C=CC=C4OC)=CC(F)=C1F,L1.42,R,98,0.2,220,0,14108.63647,99.8,2,14.10863647,0
204,939,O=C1C=CCCC1,0,OB(O)c1ccccc1,7,COC1=C(C2=C(C=CC=C2OC)P(C3=CC(C(F)(F)F)=C(C4=NC=CC=C4)C(C(F)(F)F)=C3)C5=CC(C(F)(F)F)=C(C6=NC=CC=C6)C(C(F)(F)F)=C5)C(P(C7=CC(C(F)(F)F)=C(C8=NC=CC=C8)C(C(F)(F)F)=C7)C9=CC(C(F)(F)F)=C(C%10=CC=CC=N%10)C(C(F)(F)F)=C9)=CC=C1,L1.44,R,75,2,220,0,8838.20364,98,2,8.83820364,0
205,941,O=C1C=CCCC1,0,OB(O)c1ccccc1,7,C12=CC=CC=C1C=CC(P(C3=CC=CC=C3)C4=CC=CC=C4)=C2C5=C(C=CC=C6)C6=CC=C5P(C7=CC=CC=C7)C8=CC=CC=C8,L1.1,R,5,0.5,220,0,12020.93169,99.5,2,12.02093169,0
206,942,O=C1C=CCCC1,0,OB(O)c1ccccc1,7,FC(O1)(F)OC2C1C(C3=C(OC(F)(F)O4)C4=CC=C3P(C5=CC=CC=C5)C6=CC=CC=C6)=C(P(C7=CC=CC=C7)C8=CC=CC=C8)C=C2,L1.28,R,6,1.5,220,0,9503.077857,98.5,2,9.503077857,0
207,943,O=C1C=CCCC1,0,OB(O)c1ccccc1,7,CC1=CC(P(C2=C(C3=CC=CC=C3C=C2)C4=C5C=CC=CC5=CC=C4P(C6=CC=CC=C6)C7=CC=CC=C7)C8=CC(C)=C(C(C)=C8)OC)=CC(C)=C1OC,L3.20,S,80,1.5,220,0,9503.077857,98.5,1,9.503077857,0
208,944,O=C1C=CCCC1,0,OB(O)c1ccccc1,7,FC1=CC(P(C2=CC(F)=C(F)C(F)=C2)C3=CC=CC(OC)=C3C4=C(P(C5=CC(F)=C(F)C(F)=C5)C6=CC(F)=C(F)C(F)=C6)C=CC=C4OC)=CC(F)=C1F,L1.42,R,99,0.2,221,20,15141.66862,99.8,2,15.14166862,0
209,945,O=C1C=CCCC1,0,OB(O)c1ccccc1,7,FC1=CC(P(C2=CC(F)=C(F)C(F)=C2)C3=CC=CC(OC)=C3C4=C(P(C5=CC(F)=C(F)C(F)=C5)C6=CC(F)=C(F)C(F)=C6)C=CC=C4OC)=CC(F)=C1F,L1.42,R,99,1,221,20,11199.45172,99,2,11.19945172,0
210,946,O=C1C=CCCC1,0,OB(O)c1ccccc1,7,FC1=CC(P(C2=CC(F)=C(F)C(F)=C2)C3=CC=CC(OC)=C3C4=C(P(C5=CC(F)=C(F)C(F)=C5)C6=CC(F)=C(F)C(F)=C6)C=CC=C4OC)=CC(F)=C1F,L1.42,R,98,0.25,221,0,13600.74632,99.75,2,13.60074632,0
211,947,O=C1C=CCCC1,0,OB(O)c1ccccc1,7,FC1=CC(P(C2=CC(F)=C(F)C(F)=C2)C3=CC=CC(OC)=C3C4=C(P(C5=CC(F)=C(F)C(F)=C5)C6=CC(F)=C(F)C(F)=C6)C=CC=C4OC)=CC(F)=C1F,L1.42,R,87,0.15,221,-40,12601.18864,99.85,2,12.60118864,0
212,948,O=C1C=CCCC1,0,OB(O)c1ccccc1,7,FC1=CC(P(C2=CC(F)=C(F)C(F)=C2)C3=CC=CC(OC)=C3C4=C(P(C5=CC(F)=C(F)C(F)=C5)C6=CC(F)=C(F)C(F)=C6)C=CC=C4OC)=CC(F)=C1F,L1.42,R,90,0.2,221,-40,12042.57219,99.8,2,12.04257219,0
213,949,O=C1C=CCCC1,0,OB(O)c1ccccc1,7,FC1=CC(P(C2=CC(F)=C(F)C(F)=C2)C3=CC=CC(OC)=C3C4=C(P(C5=CC(F)=C(F)C(F)=C5)C6=CC(F)=C(F)C(F)=C6)C=CC=C4OC)=CC(F)=C1F,L1.42,R,84,0.2,221,-80,9976.507908,99.8,2,9.976507908,0
214,950,O=C1C=CCCC1,0,OB(O)c1ccccc1,7,FC1=CC(P(C2=CC(F)=C(F)C(F)=C2)C3=CC=CC(OC)=C3C4=C(P(C5=CC(F)=C(F)C(F)=C5)C6=CC(F)=C(F)C(F)=C6)C=CC=C4OC)=CC(F)=C1F,L1.42,R,85,0.2,221,-80,9976.507908,99.8,2,9.976507908,0
215,1003,O=C1C=CCCC1,0,CC(C)(C)c1ccc(B(O)O)cc1,20,C12=CC=C3C(C(C4=C(C=C(OCCOCCO2)C=C5)C5=CC=C4P(C6=CC=CC=C6)C7=CC=CC=C7)=C(P(C8=CC=CC=C8)C9=CC=CC=C9)C=C3)=C1,L1.12,R,86,0.5,279,100,16421.78533,99.5,2,16.42178533,0
216,1005,O=C1C=CCCC1,0,OB(O)c1ccc(-c2ccccc2)cc1,31,C12C(OCC2)C=CC(P(C3=CC=CC=C3)C4=CC=CC=C4)=C1C5=C(OCC6)C6=CC=C5P(C7=CC=CC=C7)C8=CC=CC=C8,L1.30,S,93,99,279,100,14255.75783,99,1,14.25575783,1
219,1017,O=C1C=CCCC1,0,OB(O)c1ccc(C(F)(F)F)cc1,9,CC([P@@](C)C1=NC2=CC=CC=C2N=C1[P@@](C(C)(C)C)C)(C)C,L1.68,NoChiralAxis,92,0.5,282,50,14221.35851,99.5,0,14.22135851,0
220,1020,O=C1C=CCCC1,0,OB(O)c1ccc(C(F)(F)F)cc1,9,[C@H]1(C2=CC=CC=C2)C(CP(C3=CC=CC=C3)C4=CC=CC=C4)([C@H]1C5=CC=CC=C5)CP(C6=CC=CC=C6)C7=CC=CC=C7,L1.103,NoChiralAxis,99,94.5,282,50,7640.488601,94.5,0,7.640488601,1
221,1021,O=C1C=CCCC1,0,OB(O)c1ccc(C(F)(F)F)cc1,9,[C@H]1(C2=CC(C3=CC=CC=C3)=CC(C4=CC=CC=C4)=C2)C(CP(C5=CC=CC=C5)C6=CC=CC=C6)([C@H]1C7=CC(C8=CC=CC=C8)=CC(C9=CC=CC=C9)=C7)CP(C%10=CC=CC=C%10)C%11=CC=CC=C%11,L1.104,NoChiralAxis,99,94.5,283,50,7640.488601,94.5,0,7.640488601,1
224,1028,O=C1C=CCCC1,0,OB(O)c1ccc(C(F)(F)F)cc1,9,[C@H]1(P(C2=CC=CC=C2)C3=CC=CC=C3)C[C@H]4[C@@H](P(C5=CC=CC=C5)C6=CC=CC=C6)C[C@@H]1C4,L1.67,NoChiralAxis,78,4,285,50,8538.379024,96,0,8.538379024,0
225,1036,O=C1C=CCCC1,0,OB(O)c1ccc(C(F)(F)F)cc1,9,FC1=CC(P(C2=CC(F)=C(F)C(F)=C2)C3=CC=CC(OC)=C3C4=C(P(C5=CC(F)=C(F)C(F)=C5)C6=CC(F)=C(F)C(F)=C6)C=CC=C4OC)=CC(F)=C1F,L1.42,R,86,0.5,286,20,12901.10242,99.5,2,12.90110242,0
226,1037,O=C1C=CCCC1,0,OB(O)c1ccc(C(F)(F)F)cc1,9,C12=CC=CC=C1C=CC(P(C3=CC=CC=C3)C4=CC=CC=C4)=C2C5=C(C=CC=C6)C6=CC=C5P(C7=CC=CC=C7)C8=CC=CC=C8,L1.18,S,99,98.5,287,100,12982.14718,98.5,1,12.98214718,1
227,1038,O=C1C=CCCC1,0,OB(O)c1ccc(C(F)(F)F)cc1,9,C12=CC=C3C(C(C4=C(C=C(OCCOCCO2)C=C5)C5=CC=C4P(C6=CC=CC=C6)C7=CC=CC=C7)=C(P(C8=CC=CC=C8)C9=CC=CC=C9)C=C3)=C1,L1.12,R,84,0.5,287,100,16421.78533,99.5,2,16.42178533,0
228,1043,O=C1C=CCCC1,0,OB(O)c1ccc(C(F)(F)F)cc1,9,CC([P@@](C#CC)CC[P@](C#CC)C(C)(C)C)(C)C,L1.70,NoChiralAxis,97,1,288,40,11963.52825,99,0,11.96352825,0
229,1044,O=C1C=CCCC1,0,OB(O)c1ccc(C(F)(F)F)cc1,9,CC([P@@](C#CC1=CC=CC=C1)CC[P@](C#CC2=CC=CC=C2)C(C)(C)C)(C)C,L1.72,NoChiralAxis,96,2,288,40,10132.4674,98,0,10.1324674,0
230,1047,O=C1C=CCCC1,0,CO[B-]([O])(c1ccc(C(F)(F)F)cc1)OC.[Li+],9,C12=CC=CC=C1C=CC(P(C3=CC=CC=C3)C4=CC=CC=C4)=C2C5=C(C=CC=C6)C6=CC=C5P(C7=CC=CC=C7)C8=CC=CC=C8,L1.18,S,99,99.5,289,100,16421.78533,99.5,1,16.42178533,1
231,1048,O=C1C=CCCC1,0,CO[B-]([O])(c1ccc(C(F)(F)F)cc1)OC.[Li+],9,C12=CC=CC=C1C=CC(P(C3=CC=CC=C3)C4=CC=CC=C4)=C2C5=C(C=CC=C6)C6=CC=C5P(C7=CC=CC=C7)C8=CC=CC=C8,L1.18,S,73,99,289,100,14255.75783,99,1,14.25575783,1
232,1049,O=C1C=CCCC1,0,COc1ccc(B(O)O)cc1,10,N=C(N)NCC1=CC=C(C(C2=C(C=CC(CNC(N)=N)=C3)C3=CC=C2P(C4=CC=CC=C4)C5=CC=CC=C5)=C(P(C6=CC=CC=C6)C7=CC=CC=C7)C=C8)C8=C1,L1.14,R,57,1.5,289,100,12982.14718,98.5,2,12.98214718,0
233,1051,O=C1C=CCCC1,0,COc1ccc(B(O)O)cc1,10,CC([P@@](C)C1=NC2=CC=CC=C2N=C1[P@@](C(C)(C)C)C)(C)C,L1.68,NoChiralAxis,97,3,290,40,9050.124093,97,0,9.050124093,0
234,1053,O=C1C=CCCC1,0,COc1ccc(B(O)O)cc1,10,[C@H]1(C2=CC=CC=C2)C(CP(C3=CC=CC=C3)C4=CC=CC=C4)([C@H]1C5=CC=CC=C5)CP(C6=CC=CC=C6)C7=CC=CC=C7,L1.103,NoChiralAxis,64,85.5,290,50,4767.138943,85.5,0,4.767138943,1
235,1054,O=C1C=CCCC1,0,COc1ccc(B(O)O)cc1,10,[C@H]1(C2=CC(C3=CC=CC=C3)=CC(C4=CC=CC=C4)=C2)C(CP(C5=CC=CC=C5)C6=CC=CC=C6)([C@H]1C7=CC(C8=CC=CC=C8)=CC(C9=CC=CC=C9)=C7)CP(C%10=CC=CC=C%10)C%11=CC=CC=C%11,L1.104,NoChiralAxis,64,85.5,291,50,4767.138943,85.5,0,4.767138943,1
236,1068,O=C1C=CCCC1,0,COc1ccc(B(O)O)cc1,10,C1(P2OC(C=CC3=C4C=CC=C3)=C4C(C(C=CC=C5)=C5C=C6)=C6O2)=CC=CC=C1P7OC8=CC=C9C(C=CC=C9)=C8C%10=C%11C(C=CC=C%11)=CC=C%10O7,L1.95,R,87,97.5,294,100,11365.72045,97.5,2,11.36572045,1
237,1069,O=C1C=CCCC1,0,COc1ccc(B(O)O)cc1,10,C12=CC=CC=C1C=CC3=C2C4=C(C=CC=C5)C5=CC=C4OP(CCP6OC7=CC=C8C(C=CC=C8)=C7C9=C(O6)C=CC%10=C9C=CC=C%10)O3,L1.97,R,88,95.5,294,100,9477.889153,95.5,2,9.477889153,1
238,1070,O=C1C=CCCC1,0,COc1ccc(B(O)O)cc1,10,[C@H]1(P(C2=CC=CC=C2)C3=CC=CC=C3)C[C@H]4[C@@H](P(C5=CC=CC=C5)C6=CC=CC=C6)C[C@@H]1C4,L1.67,NoChiralAxis,73,10.5,295,50,5757.164797,89.5,0,5.757164797,0
239,1076,O=C1C=CCCC1,0,COc1ccc(B(O)O)cc1,10,FC(C1=CC(P(C2=CC(C(F)(F)F)=CC(C(F)(F)F)=C2)C3=C(C4=C5OCCOC5=CC=C4P(C6=CC(C(F)(F)F)=CC(C(F)(F)F)=C6)C7=CC(C(F)(F)F)=CC(C(F)(F)F)=C7)C8C(OCCO8)C=C3)=CC(C(F)(F)F)=C1)(F)F,L1.33,R,84,0.5,296,40,13781.27315,99.5,2,13.78127315,0
240,1077,O=C1C=CCCC1,0,COc1ccc(B(O)O)cc1,10,C12C(OCC2)C=CC(P(C3=CC=CC=C3)C4=CC=CC=C4)=C1C5=C(OCC6)C6=CC=C5P(C7=CC=CC=C7)C8=CC=CC=C8,L1.30,S,64,98,297,100,12073.86304,98,1,12.07386304,1
241,1080,O=C1C=CCCC1,0,COc1ccc(B(O)O)cc1,10,C12=CC=C3C(C(C4=C(C=C(OCCOCCO2)C=C5)C5=CC=C4P(C6=CC=CC=C6)C7=CC=CC=C7)=C(P(C8=CC=CC=C8)C9=CC=CC=C9)C=C3)=C1,L1.12,R,90,2,298,100,12073.86304,98,2,12.07386304,0
242,1081,O=C1C=CCCC1,0,COc1ccc(B(O)O)cc1,10,CN(P1OC2=C(C3=C(O1)C=C(COCC4=CC(OP(N(C)C)O5)=C(C6=C5C=CC7=C6C=CC=C7)C8=C4C=CC=C8)C9=C3C=CC=C9)C%10=C(C=C2)C=CC=C%10)C,L1.90,R,99,0.5,298,100,16421.78533,99.5,2,16.42178533,0
243,1085,O=C1C=CCCC1,0,COc1ccc(B(O)O)cc1,10,CC([P@@](C#CC)CC[P@](C#CC)C(C)(C)C)(C)C,L1.70,NoChiralAxis,97,0.5,299,40,13781.27315,99.5,0,13.78127315,0
244,1086,O=C1C=CCCC1,0,COc1ccc(B(O)O)cc1,10,CC([P@@](C#CC1=CC=CC=C1)CC[P@](C#CC2=CC=CC=C2)C(C)(C)C)(C)C,L1.72,NoChiralAxis,99,1,299,40,11963.52825,99,0,11.96352825,0
245,1096,O=C1C=CCCC1,0,CC(C)O[B-](OC(C)C)(OC(C)C)c1cccc(C(F)(F)F)c1.[Li+],41,CC([P@@](C)C1=NC2=CC=CC=C2N=C1[P@@](C(C)(C)C)C)(C)C,L1.68,NoChiralAxis,75,1.5,252,60,11590.51945,98.5,0,11.59051945,0
247,1108,O=C1C=CCCC1,0,COc1cccc(B(O)O)c1,18,FC(C1=CC(P(C2=CC(C(F)(F)F)=CC(C(F)(F)F)=C2)C3=C(C4=C5OCCOC5=CC=C4P(C6=CC(C(F)(F)F)=CC(C(F)(F)F)=C6)C7=CC(C(F)(F)F)=CC(C(F)(F)F)=C7)C8C(OCCO8)C=C3)=CC(C(F)(F)F)=C1)(F)F,L1.33,R,50,2,256,40,10132.4674,98,2,10.1324674,0
248,1111,O=C1C=CCCC1,0,COc1cccc(B(O)O)c1,18,FC1=CC(P(C2=CC(F)=C(F)C(F)=C2)C3=CC=CC(OC)=C3C4=C(P(C5=CC(F)=C(F)C(F)=C5)C6=CC(F)=C(F)C(F)=C6)C=CC=C4OC)=CC(F)=C1F,L1.42,R,94,0.5,256,20,12901.10242,99.5,2,12.90110242,0
249,1112,O=C1C=CCCC1,0,COc1cccc(B(O)O)c1,18,FC1=CC(P(C2=CC(F)=C(F)C(F)=C2)C3=CC=CC(OC)=C3C4=C(P(C5=CC(F)=C(F)C(F)=C5)C6=CC(F)=C(F)C(F)=C6)C=CC=C4OC)=CC(F)=C1F,L1.42,R,55,1,257,100,14255.75783,99,2,14.25575783,0
250,1113,O=C1C=CCCC1,0,COc1cccc(B(O)O)c1,18,C12=CC=CC=C1C=CC(P(C3=CC=CC=C3)C4=CC=CC=C4)=C2C5=C(C=CC=C6)C6=CC=C5P(C7=CC=CC=C7)C8=CC=CC=C8,L1.18,S,97,98,257,100,12073.86304,98,1,12.07386304,1
251,1114,O=C1C=CCCC1,0,COc1cccc(B(O)O)c1,18,C12=CC=CC=C1C=CC(P(C3=CC=CC=C3)C4=CC=CC=C4)=C2C5=C(C=CC=C6)C6=CC=C5P(C7=CC=CC=C7)C8=CC=CC=C8,L1.18,S,98,98,257,100,12073.86304,98,1,12.07386304,1
252,1115,O=C1C=CCCC1,0,COc1cccc(B(O)O)c1,18,COC(C=CC=C1P(C2=CC=CC=C2)C3=CC=CC=C3)=C1C4=C(P(C5=CC=CC=C5)C6=CC=CC=C6)C=CC7=CC=CC=C74,L1.22,S,98,97.5,257,100,11365.72045,97.5,1,11.36572045,1
253,1116,O=C1C=CCCC1,0,COc1cccc(B(O)O)c1,18,CC(C(C)=C(C)C=C1P(C2=CC=CC=C2)C3=CC=CC=C3)=C1C4=C(P(C5=CC=CC=C5)C6=CC=CC=C6)C=CC7=CC=CC=C74,L1.24,S,96,99,257,100,14255.75783,99,1,14.25575783,1
254,1117,O=C1C=CCCC1,0,COc1cccc(B(O)O)c1,18,COC(C=CC=C1P(C2=CC=CC=C2)C3=CC=CC=C3)=C1C4=C(P(C5=CC=CC=C5)C6=CC=CC=C6)C=CC=C4OC,L1.45,S,98,98,257,100,12073.86304,98,1,12.07386304,1
255,1118,O=C1C=CCCC1,0,COc1cccc(B(O)O)c1,18,C12=CC=C3C(C(C4=C(C=C(OCCOCCO2)C=C5)C5=CC=C4P(C6=CC=CC=C6)C7=CC=CC=C7)=C(P(C8=CC=CC=C8)C9=CC=CC=C9)C=C3)=C1,L1.12,R,92,2,258,100,12073.86304,98,2,12.07386304,0
256,1120,O=C1C=CCCC1,0,COc1cccc(B(O)O)c1,18,CC(C)OC(C=C1)=CC(C1=CC=C2P(C3=CC=CC=C3)C4=CC=CC=C4)=C2C5=C(P(C6=CC=CC=C6)C7=CC=CC=C7)C=CC8=CC=C(OC(C)C)C=C85,L1.9,R,90,0.5,258,50,14221.35851,99.5,2,14.22135851,0
257,1127,O=C1C=CCCC1,0,OB(O)c1cccc(F)c1,43,FC1=CC(P(C2=CC(F)=C(F)C(F)=C2)C3=CC=CC(OC)=C3C4=C(P(C5=CC(F)=C(F)C(F)=C5)C6=CC(F)=C(F)C(F)=C6)C=CC=C4OC)=CC(F)=C1F,L1.42,R,85,0.5,261,20,12901.10242,99.5,2,12.90110242,0
258,1128,O=C1C=CCCC1,0,OB(O)c1cccc(F)c1,43,FC1=CC(P(C2=CC(F)=C(F)C(F)=C2)C3=CC=CC(OC)=C3C4=C(P(C5=CC(F)=C(F)C(F)=C5)C6=CC(F)=C(F)C(F)=C6)C=CC=C4OC)=CC(F)=C1F,L1.42,R,97,0.5,261,20,12901.10242,99.5,2,12.90110242,0
259,1129,O=C1C=CCCC1,0,CC(C)O[B-](OC(C)C)(OC(C)C)c1cccc(F)c1.[Li+],44,CC([P@@](C)C1=NC2=CC=CC=C2N=C1[P@@](C(C)(C)C)C)(C)C,L1.68,NoChiralAxis,82,0.5,261,60,14661.44387,99.5,0,14.66144387,0
261,1139,O=C1C=CCCC1,0,OB(O)c1cccc(Cl)c1,8,FC(C1=CC(P(C2=CC(C(F)(F)F)=CC(C(F)(F)F)=C2)C3=C(C4=C5OCCOC5=CC=C4P(C6=CC(C(F)(F)F)=CC(C(F)(F)F)=C6)C7=CC(C(F)(F)F)=CC(C(F)(F)F)=C7)C8C(OCCO8)C=C3)=CC(C(F)(F)F)=C1)(F)F,L1.33,R,82,0.5,264,40,13781.27315,99.5,2,13.78127315,0
262,1140,O=C1C=CCCC1,0,OB(O)c1cccc(Cl)c1,8,C12C(OCC2)C=CC(P(C3=CC=CC=C3)C4=CC=CC=C4)=C1C5=C(OCC6)C6=CC=C5P(C7=CC=CC=C7)C8=CC=CC=C8,L1.30,S,61,99,264,100,14255.75783,99,1,14.25575783,1
263,1144,O=C1C=CCCC1,0,OB(O)c1cccc(Cl)c1,8,C12=CC=CC=C1C=CC(P(C3=CC=CC=C3)C4=CC=CC=C4)=C2C5=C(C=CC=C6)C6=CC=C5P(C7=CC=CC=C7)C8=CC=CC=C8,L1.18,S,94,98,265,100,12073.86304,98,1,12.07386304,1
264,1145,O=C1C=CCCC1,0,OB(O)c1cccc(Cl)c1,8,CN(P1OC2=C(C3=C(O1)C=C(COCC4=CC(OP(N(C)C)O5)=C(C6=C5C=CC7=C6C=CC=C7)C8=C4C=CC=C8)C9=C3C=CC=C9)C%10=C(C=C2)C=CC=C%10)C,L1.90,R,86,0.5,266,100,16421.78533,99.5,2,16.42178533,0
265,1148,O=C1C=CCCC1,0,F[B-](F)(F)c1cccc(Cl)c1.[K+],46,C12=CC=CC=C1C=CC(P(C3=CC=CC=C3)C4=CC=CC=C4)=C2C5=C(C=CC=C6)C6=CC=C5P(C7=CC=CC=C7)C8=CC=CC=C8,L1.1,R,89,2,266,110,12397.42898,98,2,12.39742898,0
266,1149,O=C1C=CCCC1,0,F[B-](F)(F)c1cccc(Cl)c1.[K+],46,C12=CC=CC=C1C=CC(P(C3=CC=CC=C3)C4=CC=CC=C4)=C2C5=C(C=CC=C6)C6=CC=C5P(C7=CC=CC=C7)C8=CC=CC=C8,L1.1,R,96,1.5,266,110,13330.05411,98.5,2,13.33005411,0
267,1150,O=C1C=CCCC1,0,F[B-](F)(F)c1cccc(Cl)c1.[K+],46,C12=CC=CC=C1C=CC(P(C3=CC=CC=C3)C4=CC=CC=C4)=C2C5=C(C=CC=C6)C6=CC=C5P(C7=CC=CC=C7)C8=CC=CC=C8,L1.18,S,95,98.5,267,110,13330.05411,98.5,1,13.33005411,1
269,1168,O=C1C=CCCC1,0,Cc1ccc(B(O)O)cc1,12,FC(C1=CC(P(C2=CC(C(F)(F)F)=CC(C(F)(F)F)=C2)C3=C(C4=C5OCCOC5=CC=C4P(C6=CC(C(F)(F)F)=CC(C(F)(F)F)=C6)C7=CC(C(F)(F)F)=CC(C(F)(F)F)=C7)C8C(OCCO8)C=C3)=CC(C(F)(F)F)=C1)(F)F,L1.33,R,90,0.5,272,40,13781.27315,99.5,2,13.78127315,0
270,1169,O=C1C=CCCC1,0,Cc1ccc(B(O)O)cc1,12,C12C(OCC2)C=CC(P(C3=CC=CC=C3)C4=CC=CC=C4)=C1C5=C(OCC6)C6=CC=C5P(C7=CC=CC=C7)C8=CC=CC=C8,L1.30,S,80,98.5,272,100,12982.14718,98.5,1,12.98214718,1
271,1173,O=C1C=CCCC1,0,Cc1ccc(B(O)O)cc1,12,FC1=CC(P(C2=CC(F)=C(F)C(F)=C2)C3=CC=CC(OC)=C3C4=C(P(C5=CC(F)=C(F)C(F)=C5)C6=CC(F)=C(F)C(F)=C6)C=CC=C4OC)=CC(F)=C1F,L1.42,R,92,0.5,273,20,12901.10242,99.5,2,12.90110242,0
272,1174,O=C1C=CCCC1,0,Cc1ccc(B(O)O)cc1,12,FC1=CC(P(C2=CC(F)=C(F)C(F)=C2)C3=CC=CC(OC)=C3C4=C(P(C5=CC(F)=C(F)C(F)=C5)C6=CC(F)=C(F)C(F)=C6)C=CC=C4OC)=CC(F)=C1F,L1.42,R,79,1.5,274,100,12982.14718,98.5,2,12.98214718,0
273,1175,O=C1C=CCCC1,0,Cc1ccc(B(O)O)cc1,12,C12=CC=C3C(C(C4=C(C=C(OCCOCCO2)C=C5)C5=CC=C4P(C6=CC=CC=C6)C7=CC=CC=C7)=C(P(C8=CC=CC=C8)C9=CC=CC=C9)C=C3)=C1,L1.12,R,97,3,274,100,10784.14116,97,2,10.78414116,0
274,1190,O=C1C=CCCC1,0,CO[B-](OC)(OC)c1ccc(C)cc1.[Li+],48,C12=CC=CC=C1C=CC(P(C3=CC=CC=C3)C4=CC=CC=C4)=C2C5=C(C=CC=C6)C6=CC=C5P(C7=CC=CC=C7)C8=CC=CC=C8,L1.18,S,95,99.5,276,100,16421.78533,99.5,1,16.42178533,1
275,1191,O=C1C=CCCC1,0,Cc1ccc([B-]23OCC(C)(CO2)CO3)cc1.[Li+],49,C12=CC=CC=C1C=CC(P(C3=CC=CC=C3)C4=CC=CC=C4)=C2C5=C(C=CC=C6)C6=CC=C5P(C7=CC=CC=C7)C8=CC=CC=C8,L1.18,S,68,98.5,277,50,11242.61252,98.5,1,11.24261252,1
276,1192,O=C1C=CCCC1,0,Cc1ccc([B-]23OCC(C)(CO2)CO3)cc1.[Li+],49,C12=CC=CC=C1C=CC(P(C3=CC=CC=C3)C4=CC=CC=C4)=C2C5=C(C=CC=C6)C6=CC=C5P(C7=CC=CC=C7)C8=CC=CC=C8,L1.18,S,87,99,277,50,12345.56651,99,1,12.34556651,1
277,1193,O=C1C=CCCC1,0,Cc1ccc([B-]23OCC(C)(CO2)CO3)cc1.[Li+],49,C12=CC=CC=C1C=CC(P(C3=CC=CC=C3)C4=CC=CC=C4)=C2C5=C(C=CC=C6)C6=CC=C5P(C7=CC=CC=C7)C8=CC=CC=C8,L1.18,S,96,99,277,50,12345.56651,99,1,12.34556651,1
278,1201,O=C1C=CCCC1,0,COc1ccc([B-](F)(F)F)cc1.[K+],50,C12=CC=CC=C1C=CC(P(C3=CC=CC=C3)C4=CC=CC=C4)=C2C5=C(C=CC=C6)C6=CC=C5P(C7=CC=CC=C7)C8=CC=CC=C8,L1.1,R,97,5,301,110,9379.537163,95,2,9.379537163,0
279,1204,O=C1C=CCCC1,0,COc1ccc([B-](OC)(OC)OC)cc1.[Li+],51,C12=CC=CC=C1C=CC(P(C3=CC=CC=C3)C4=CC=CC=C4)=C2C5=C(C=CC=C6)C6=CC=C5P(C7=CC=CC=C7)C8=CC=CC=C8,L1.18,S,52,99,302,100,14255.75783,99,1,14.25575783,1
280,1205,O=C1C=CCCC1,0,COc1ccc([B-](OC)(OC)OC)cc1.[Li+],51,C12=CC=CC=C1C=CC(P(C3=CC=CC=C3)C4=CC=CC=C4)=C2C5=C(C=CC=C6)C6=CC=C5P(C7=CC=CC=C7)C8=CC=CC=C8,L1.18,S,4,98.5,302,100,12982.14718,98.5,1,12.98214718,1
281,1206,O=C1C=CCCC1,0,COc1ccc([B-](OC)(OC)OC)cc1.[Li+],51,C12=CC=CC=C1C=CC(P(C3=CC=CC=C3)C4=CC=CC=C4)=C2C5=C(C=CC=C6)C6=CC=C5P(C7=CC=CC=C7)C8=CC=CC=C8,L1.18,S,74,99,302,100,14255.75783,99,1,14.25575783,1
282,1207,O=C1C=CCCC1,0,COc1ccc([B-](OC)(OC)OC)cc1.[Li+],51,C12=CC=CC=C1C=CC(P(C3=CC=CC=C3)C4=CC=CC=C4)=C2C5=C(C=CC=C6)C6=CC=C5P(C7=CC=CC=C7)C8=CC=CC=C8,L1.18,S,80,99,302,100,14255.75783,99,1,14.25575783,1
283,1208,O=C1C=CCCC1,0,COc1ccc([B-](OC)(OC)OC)cc1.[Li+],51,C12=CC=CC=C1C=CC(P(C3=CC=CC=C3)C4=CC=CC=C4)=C2C5=C(C=CC=C6)C6=CC=C5P(C7=CC=CC=C7)C8=CC=CC=C8,L1.18,S,51,99,302,100,14255.75783,99,1,14.25575783,1
284,1209,O=C1C=CCCC1,0,COc1ccc([B-](OC)(OC)OC)cc1.[Li+],51,C12=CC=CC=C1C=CC(P(C3=CC=CC=C3)C4=CC=CC=C4)=C2C5=C(C=CC=C6)C6=CC=C5P(C7=CC=CC=C7)C8=CC=CC=C8,L1.18,S,19,99,302,100,14255.75783,99,1,14.25575783,1
285,1210,O=C1C=CCCC1,0,COc1ccc([B-](OC)(OC)OC)cc1.[Li+],51,C12=CC=CC=C1C=CC(P(C3=CC=CC=C3)C4=CC=CC=C4)=C2C5=C(C=CC=C6)C6=CC=C5P(C7=CC=CC=C7)C8=CC=CC=C8,L1.18,S,86,99,302,100,14255.75783,99,1,14.25575783,1
286,1211,O=C1C=CCCC1,0,COc1ccc([B-](OC(C)C)(OC(C)C)OC(C)C)cc1.[Li+],52,C12=CC=CC=C1C=CC(P(C3=CC=CC=C3)C4=CC=CC=C4)=C2C5=C(C=CC=C6)C6=CC=C5P(C7=CC=CC=C7)C8=CC=CC=C8,L1.18,S,14,3.5,302,60,9186.847537,96.5,1,9.186847537,0
287,1212,O=C1C=CCCC1,0,COc1ccc([B-](OC(C)C)(OC(C)C)OC(C)C)cc1.[Li+],52,C1(CCCC2)=C2C=CC(P(C3=CC=CC=C3)C4=CC=CC=C4)=C1C5=C6CCCCC6=CC=C5P(C7=CC=CC=C7)C8=CC=CC=C8,L1.21,R,19,2.5,302,60,10147.36639,2.5,2,10.14736639,0
288,1213,O=C1C=CCCC1,0,COc1ccc([B-](OC(C)C)(OC(C)C)OC(C)C)cc1.[Li+],52,COC(C=C1)=CC=C1[P@@](C2=CC=CC=C2)CC[P@](C3=CC=CC=C3)C4=CC=C(OC)C=C4,L1.58,S,92,52,302,60,221.7030201,52,1,0.22170302,1
289,1214,O=C1C=CCCC1,0,COc1ccc([B-](OC(C)C)(OC(C)C)OC(C)C)cc1.[Li+],52,CC([P@@](C)C1=NC2=CC=CC=C2N=C1[P@@](C(C)(C)C)C)(C)C,L1.68,R,96,0.5,302,60,14661.44387,99.5,2,14.66144387,0
290,1219,O=C1C=CCCC1,0,COc1ccc([B-](OC)(OC)OC)cc1.[Li+],51,CC([P@@](C)C1=NC2=CC=CC=C2N=C1[P@@](C(C)(C)C)C)(C)C,L1.68,NoChiralAxis,90,0.5,303,60,14661.44387,99.5,0,14.66144387,0
292,1238,O=C1C=CCCC1,0,OB(O)c1ccc(F)cc1,21,FC1=CC(P(C2=CC(F)=C(F)C(F)=C2)C3=CC=CC(OC)=C3C4=C(P(C5=CC(F)=C(F)C(F)=C5)C6=CC(F)=C(F)C(F)=C6)C=CC=C4OC)=CC(F)=C1F,L1.42,R,89,0.5,308,20,12901.10242,99.5,2,12.90110242,0
293,1239,O=C1C=CCCC1,0,OB(O)c1ccc(F)cc1,21,FC1=CC(P(C2=CC(F)=C(F)C(F)=C2)C3=CC=CC(OC)=C3C4=C(P(C5=CC(F)=C(F)C(F)=C5)C6=CC(F)=C(F)C(F)=C6)C=CC=C4OC)=CC(F)=C1F,L1.42,R,54,2,309,100,12073.86304,98,2,12.07386304,0
294,1244,O=C1C=CCCC1,0,Fc1ccc([B-](F)(F)F)cc1.[K+],53,C12=CC=CC=C1C=CC(P(C3=CC=CC=C3)C4=CC=CC=C4)=C2C5=C(C=CC=C6)C6=CC=C5P(C7=CC=CC=C7)C8=CC=CC=C8,L1.1,R,95,1,310,110,14637.7961,99,2,14.6377961,0
296,1260,O=C1C=CCCC1,0,OB(O)c1ccc(Cl)cc1,22,C12C(OCC2)C=CC(P(C3=CC=CC=C3)C4=CC=CC=C4)=C1C5=C(OCC6)C6=CC=C5P(C7=CC=CC=C7)C8=CC=CC=C8,L1.30,S,31,99,315,100,14255.75783,99,1,14.25575783,1
297,1261,O=C1C=CCCC1,0,OB(O)c1ccc(Cl)cc1,22,C12=CC=C3C(C(C4=C(C=C(OCCOCCO2)C=C5)C5=CC=C4P(C6=CC=CC=C6)C7=CC=CC=C7)=C(P(C8=CC=CC=C8)C9=CC=CC=C9)C=C3)=C1,L1.12,R,85,1,315,100,14255.75783,99,2,14.25575783,0
298,1266,O=C1C=CCCC1,0,CCO[B-](OC(C)C)(OC(C)C)c1ccc(Cl)cc1.[Li+],54,CC([P@@](C)C1=NC2=CC=CC=C2N=C1[P@@](C(C)(C)C)C)(C)C,L1.68,NoChiralAxis,84,0.5,316,60,14661.44387,99.5,0,14.66144387,0
299,1267,O=C1C=CCCC1,0,OB(O)c1ccc(Br)cc1,23,N=C(N)NCC1=CC=C(C(C2=C(C=CC(CNC(N)=N)=C3)C3=CC=C2P(C4=CC=CC=C4)C5=CC=CC=C5)=C(P(C6=CC=CC=C6)C7=CC=CC=C7)C=C8)C8=C1,L1.14,R,99,4,316,100,9859.496001,96,2,9.859496001,0
300,1268,O=C1C=CCCC1,0,OB(O)c1ccc(Br)cc1,23,C12=CC=CC=C1C=CC(P(C3=CC=CC=C3)C4=CC=CC=C4)=C2C5=C(C=CC=C6)C6=CC=C5P(C7=CC=CC=C7)C8=CC=CC=C8,L1.18,S,71,99.5,316,25,13121.1451,99.5,1,13.1211451,1
301,1269,O=C1C=CCCC1,0,OB(O)c1ccc(Br)cc1,23,FC(C1=CC(P(C2=CC(C(F)(F)F)=CC(C(F)(F)F)=C2)C3=C(C4=C5OCCOC5=CC=C4P(C6=CC(C(F)(F)F)=CC(C(F)(F)F)=C6)C7=CC(C(F)(F)F)=CC(C(F)(F)F)=C7)C8C(OCCO8)C=C3)=CC(C(F)(F)F)=C1)(F)F,L1.33,R,81,0.5,317,25,13121.1451,99.5,2,13.1211451,0
302,1271,O=C1C=CCCC1,0,F[B-](F)(F)c1ccc(Br)cc1.[K+],55,C12=CC=CC=C1C=CC(P(C3=CC=CC=C3)C4=CC=CC=C4)=C2C5=C(C=CC=C6)C6=CC=C5P(C7=CC=CC=C7)C8=CC=CC=C8,L1.1,R,90,2,317,110,12397.42898,98,2,12.39742898,0
303,1285,O=C1C=CCCC1,0,Cc1cc(C)cc(B(O)O)c1,60,FC(C1=CC(P(C2=CC(C(F)(F)F)=CC(C(F)(F)F)=C2)C3=C(C4=C5OCCOC5=CC=C4P(C6=CC(C(F)(F)F)=CC(C(F)(F)F)=C6)C7=CC(C(F)(F)F)=CC(C(F)(F)F)=C7)C8C(OCCO8)C=C3)=CC(C(F)(F)F)=C1)(F)F,L1.33,R,90,0.5,320,40,13781.27315,99.5,2,13.78127315,0
304,1286,O=C1C=CCCC1,0,Cc1cc(C)cc(B(O)O)c1,60,C12C(OCC2)C=CC(P(C3=CC=CC=C3)C4=CC=CC=C4)=C1C5=C(OCC6)C6=CC=C5P(C7=CC=CC=C7)C8=CC=CC=C8,L1.30,S,96,99.5,320,100,16421.78533,99.5,1,16.42178533,1
305,1287,O=C1C=CCCC1,0,Cc1cc(C)cc([B-](OC(C)C)(OC(C)C)OC(C)C)c1.[Li+],61,CC([P@@](C)C1=NC2=CC=CC=C2N=C1[P@@](C(C)(C)C)C)(C)C,L1.68,NoChiralAxis,90,1,321,60,12727.60478,99,0,12.72760478,0
306,1288,O=C1C=CCCC1,0,COc1c(C)cc(B(O)O)cc1C,62,COC1=CC(P(C2=CC=CC=C2)C3=CC=CC=C3)=C(C4=C(OC)N=C(OC)C=C4P(C5=CC=CC=C5)C6=CC=CC=C6)C(OC)=N1,L1.54,S,94,99.5,321,100,16421.78533,99.5,1,16.42178533,1
307,1289,O=C1C=CCCC1,0,COc1ccc([B-](OC(C)C)(OC(C)C)OC(C)C)cc1C.[Li+],63,C12=CC=CC=C1C=CC(P(C3=CC=CC=C3)C4=CC=CC=C4)=C2C5=C(C=CC=C6)C6=CC=C5P(C7=CC=CC=C7)C8=CC=CC=C8,L1.18,S,93,99.5,321,100,16421.78533,99.5,1,16.42178533,1
308,1290,O=C1C=CCCC1,0,OB(O)c1cccc2ccccc12,24,C12=CC=CC=C1C=CC(P(C3=CC=CC=C3)C4=CC=CC=C4)=C2C5=C(C=CC=C6)C6=CC=C5P(C7=CC=CC=C7)C8=CC=CC=C8,L1.18,S,50,99,322,100,14255.75783,99,1,14.25575783,1
309,1291,O=C1C=CCCC1,0,OB(O)c1cccc2ccccc12,24,COC(C=CC=C1P(C2=CC=CC=C2)C3=CC=CC=C3)=C1C4=C(P(C5=CC=CC=C5)C6=CC=CC=C6)C=CC7=CC=CC=C74,L1.22,S,48,98,322,100,12073.86304,98,1,12.07386304,1
310,1292,O=C1C=CCCC1,0,OB(O)c1cccc2ccccc12,24,COC(C=CC=C1P(C2=CC=CC=C2)C3=CC=CC=C3)=C1C4=C(P(C5=CC=CC=C5)C6=CC=CC=C6)C=CC7=CC=CC=C74,L1.22,S,46,98,322,100,12073.86304,98,1,12.07386304,1
311,1293,O=C1C=CCCC1,0,OB(O)c1cccc2ccccc12,24,COC(C=CC=C1P(C2=CC=CC=C2)C3=CC=CC=C3)=C1C4=C(P(C5=CC=CC=C5)C6=CC=CC=C6)C=CC=C4OC,L1.45,S,45,98.5,322,100,12982.14718,98.5,1,12.98214718,1
312,1312,O=C1C=CCCC1,0,OB(O)c1cccc2ccccc12,24,[C@H]1(P(C2=CC=CC=C2)C3=CC=CC=C3)C[C@H]4[C@@H](P(C5=CC=CC=C5)C6=CC=CC=C6)C[C@@H]1C4,L1.67,NoChiralAxis,95,2.5,325,50,9842.777871,97.5,0,9.842777871,0
313,1316,O=C1C=CCCC1,0,OB(O)c1cccc2ccccc12,24,FC(C1=CC(P(C2=CC(C(F)(F)F)=CC(C(F)(F)F)=C2)C3=C(C4=C5OCCOC5=CC=C4P(C6=CC(C(F)(F)F)=CC(C(F)(F)F)=C6)C7=CC(C(F)(F)F)=CC(C(F)(F)F)=C7)C8C(OCCO8)C=C3)=CC(C(F)(F)F)=C1)(F)F,L1.33,R,81,5,327,40,7665.932565,95,2,7.665932565,0
314,1322,O=C1C=CCCC1,0,F[B-](F)(F)c1cccc2ccccc12.[K+],64,C12=CC=CC=C1C=CC(P(C3=CC=CC=C3)C4=CC=CC=C4)=C2C5=C(C=CC=C6)C6=CC=C5P(C7=CC=CC=C7)C8=CC=CC=C8,L1.1,R,53,6.5,328,110,8493.074583,93.5,2,8.493074583,0
315,1323,O=C1C=CCCC1,0,F[B-](F)(F)c1cccc2ccccc12.[K+],64,C12=CC=CC=C1C=CC(P(C3=CC=CC=C3)C4=CC=CC=C4)=C2C5=C(C=CC=C6)C6=CC=C5P(C7=CC=CC=C7)C8=CC=CC=C8,L1.1,R,90,1,328,110,14637.7961,99,2,14.6377961,0
316,1324,O=C1C=CCCC1,0,OB(O)c1ccc2ccccc2c1,11,[C@H]1(C2=CC=CC=C2)C(CP(C3=CC=CC=C3)C4=CC=CC=C4)([C@H]1C5=CC=CC=C5)CP(C6=CC=CC=C6)C7=CC=CC=C7,L1.103,NoChiralAxis,46,91.5,329,50,6384.258729,91.5,0,6.384258729,1
317,1325,O=C1C=CCCC1,0,OB(O)c1ccc2ccccc2c1,11,[C@H]1(C2=CC(C3=CC=CC=C3)=CC(C4=CC=CC=C4)=C2)C(CP(C5=CC=CC=C5)C6=CC=CC=C6)([C@H]1C7=CC(C8=CC=CC=C8)=CC(C9=CC=CC=C9)=C7)CP(C%10=CC=CC=C%10)C%11=CC=CC=C%11,L1.104,NoChiralAxis,46,91.5,329,50,6384.258729,91.5,0,6.384258729,1
319,1344,O=C1C=CCCC1,0,CO[B-](OC)(OC)c1ccc2ccccc2c1.[Li+],66,C12=CC=CC=C1C=CC(P(C3=CC=CC=C3)C4=CC=CC=C4)=C2C5=C(C=CC=C6)C6=CC=C5P(C7=CC=CC=C7)C8=CC=CC=C8,L1.18,S,99,99.5,333,100,16421.78533,99.5,1,16.42178533,1
320,1345,O=C1C=CCCC1,0,CO[B-](OC)(OC)c1ccc2ccccc2c1.[Li+],66,C12=CC=CC=C1C=CC(P(C3=CC=CC=C3)C4=CC=CC=C4)=C2C5=C(C=CC=C6)C6=CC=C5P(C7=CC=CC=C7)C8=CC=CC=C8,L1.18,S,96,99.5,333,100,16421.78533,99.5,1,16.42178533,1
321,1346,C[Si](C)(C)C1CC=CC(=O)C1,9,OB(O)c1cccc(Cl)c1,8,C12=CC=CC=C1C=CC(P(C3=CC=CC=C3)C4=CC=CC=C4)=C2C5=C(C=CC=C6)C6=CC=C5P(C7=CC=CC=C7)C8=CC=CC=C8,L1.18,S,63,95,335,100,6686.729939,95,1,6.686729939,1
339,1431,O=C1C=CCCCC1,15,OB(O)c1ccccc1,7,C12=CC=CC=C1C=CC(P(C3=CC=CC=C3)C4=CC=CC=C4)=C2C5=C(C=CC=C6)C6=CC=C5P(C7=CC=CC=C7)C8=CC=CC=C8,L1.18,S,51,96.5,354,100,10289.87591,96.5,1,10.28987591,1
340,1433,O=C1C=CCCCC1,15,OB(O)c1ccccc1,7,C1(P2OC(C=CC3=C4C=CC=C3)=C4C(C(C=CC=C5)=C5C=C6)=C6O2)=CC=CC=C1P7OC8=CC=C9C(C=CC=C9)=C8C%10=C%11C(C=CC=C%11)=CC=C%10O7,L1.95,R,100,7.5,354,100,5705.368442,92.5,2,5.705368442,0
341,1434,O=C1C=CCCCC1,15,OB(O)c1ccccc1,7,C1(P2OC(C=CC3=C4C=CC=C3)=C4C(C(C=CC=C5)=C5C=C6)=C6O2)=CC=CC=C1OC7=C(P8OC9=CC=C%10C(C=CC=C%10)=C9C%11=C%12C(C=CC=C%12)=CC=C%11O8)C=CC=C7,L1.96,R,100,2,354,100,8838.20364,98,2,8.83820364,0
342,1435,O=C1C=CCCCC1,15,OB(O)c1ccccc1,7,C12=CC=CC=C1C=CC3=C2C4=C(C=CC=C5)C5=CC=C4OP(CCP6OC7=CC=C8C(C=CC=C8)=C7C9=C(O6)C=CC%10=C9C=CC=C%10)O3,L1.97,R,100,7.5,354,100,5705.368442,92.5,2,5.705368442,0
343,1437,O=C1C=CCCCC1,15,OB(O)c1ccccc1,7,N=C(N)NCC1=CC=C(C(C2=C(C=CC(CNC(N)=N)=C3)C3=CC=C2P(C4=CC=CC=C4)C5=CC=CC=C5)=C(P(C6=CC=CC=C6)C7=CC=CC=C7)C=C8)C8=C1,L1.14,R,44,5.5,354,100,8822.67777,94.5,2,8.82267777,0
344,1438,O=C1C=CCCCC1,15,OB(O)c1ccccc1,7,COC1=CC(P(C2=CC=CC=C2)C3=CC=CC=C3)=C(C4=C(OC)N=C(OC)C=C4P(C5=CC=CC=C5)C6=CC=CC=C6)C(OC)=N1,L1.54,S,88,99,355,100,10435.37519,99,1,10.43537519,1
345,1447,O=C1C=CCCCC1,15,OB(O)c1ccccc1,7,[C@H]1(P(C2=CC=CC=C2)C3=CC=CC=C3)C[C@H]4[C@@H](P(C5=CC=CC=C5)C6=CC=CC=C6)C[C@@H]1C4,L1.67,NoChiralAxis,98,7,356,50,6949.578332,93,0,6.949578332,0
346,1448,O=C1C=CCCCC1,15,OB(O)c1ccccc1,7,C12=CC=C3C(C(C4=C(C=C(OCCOCCO2)C=C5)C5=CC=C4P(C6=CC=CC=C6)C7=CC=CC=C7)=C(P(C8=CC=CC=C8)C9=CC=CC=C9)C=C3)=C1,L1.12,R,82,5,356,100,9134.736506,95,2,9.134736506,0
347,1454,O=C1C=CCCCC1,15,OB(O)c1ccccc1,7,CC([P@@](C)C1=NC2=CC=CC=C2N=C1[P@@](C(C)(C)C)C)(C)C,L1.68,NoChiralAxis,90,2,357,50,10456.03334,98,0,10.45603334,0
348,1457,O=C1C=CCCCC1,15,OB(O)c1ccccc1,7,CN(P1OC2=C(C3=C(O1)C=C(COCC4=CC(OP(N(C)C)O5)=C(C6=C5C=CC7=C6C=CC=C7)C8=C4C=CC=C8)C9=C3C=CC=C9)C%10=C(C=C2)C=CC=C%10)C,L1.90,R,90,1,358,50,12345.56651,99,2,12.34556651,0
349,1463,O=C1C=CCCCC1,15,OB(O)c1ccccc1,7,FC1=CC(P(C2=CC(F)=C(F)C(F)=C2)C3=CC=CC(OC)=C3C4=C(P(C5=CC(F)=C(F)C(F)=C5)C6=CC(F)=C(F)C(F)=C6)C=CC=C4OC)=CC(F)=C1F,L1.42,R,31,1,359,20,11199.45172,99,2,11.19945172,0
350,1464,O=C1C=CCCCC1,15,OB(O)c1ccccc1,7,FC1=CC(P(C2=CC(F)=C(F)C(F)=C2)C3=CC=CC(OC)=C3C4=C(P(C5=CC(F)=C(F)C(F)=C5)C6=CC(F)=C(F)C(F)=C6)C=CC=C4OC)=CC(F)=C1F,L1.42,R,96,1,359,30,11581.48998,99,2,11.58148998,0
351,1465,O=C1C=CCCCC1,15,OB(O)c1ccccc1,7,[C@H]1(C2=CC=CC=C2)C(CP(C3=CC=CC=C3)C4=CC=CC=C4)([C@H]1C5=CC=CC=C5)CP(C6=CC=CC=C6)C7=CC=CC=C7,L1.103,NoChiralAxis,9,83.5,359,50,4356.397007,83.5,0,4.356397007,1
352,1466,O=C1C=CCCCC1,15,OB(O)c1ccccc1,7,[C@H]1(C2=CC(C3=CC=CC=C3)=CC(C4=CC=CC=C4)=C2)C(CP(C5=CC=CC=C5)C6=CC=CC=C6)([C@H]1C7=CC(C8=CC=CC=C8)=CC(C9=CC=CC=C9)=C7)CP(C%10=CC=CC=C%10)C%11=CC=CC=C%11,L1.104,NoChiralAxis,36,76.5,359,50,3171.049531,76.5,0,3.171049531,1
353,1478,O=C1C=CCCCC1,15,OB(O)c1ccccc1,7,FC(C(C=C1)=CC=C1P(C2=CC=C(C(F)(F)F)C=C2)C3=C(C4=C5OCCOC5=CC=C4P(C6=CC=C(C(F)(F)F)C=C6)C7=CC=C(C(F)(F)F)C=C7)C8C(OCCO8)C=C3)(F)F,L1.32,R,80,2,361,40,10132.4674,98,2,10.1324674,0
354,1479,O=C1C=CCCCC1,15,OB(O)c1ccccc1,7,FC(C1=CC(P(C2=CC(C(F)(F)F)=CC(C(F)(F)F)=C2)C3=C(C4=C5OCCOC5=CC=C4P(C6=CC(C(F)(F)F)=CC(C(F)(F)F)=C6)C7=CC(C(F)(F)F)=CC(C(F)(F)F)=C7)C8C(OCCO8)C=C3)=CC(C(F)(F)F)=C1)(F)F,L1.33,R,84,0.5,361,40,13781.27315,99.5,2,13.78127315,0
355,1480,O=C1C=CCCCC1,15,OB(O)c1ccccc1,7,FC(O1)(F)OC2C1C(C3=C(OC(F)(F)O4)C4=CC=C3P(C5=CC=CC=C5)C6=CC=CC=C6)=C(P(C7=CC=CC=C7)C8=CC=CC=C8)C=C2,L1.28,R,70,4,361,20,7745.708838,96,2,7.745708838,0
356,1481,O=C1C=CCCCC1,15,OB(O)c1ccccc1,7,FC1=CC(P(C2=CC(F)=C(F)C(F)=C2)C3=C(C4=C5OCCOC5=CC=C4P(C6=CC(F)=C(F)C(F)=C6)C7=CC(F)=C(F)C(F)=C7)C8C(OCCO8)C=C3)=CC(F)=C1F,L1.34,R,63,4.5,361,20,7445.915062,95.5,2,7.445915062,0
357,1484,O=C1C=CCCCC1,15,OB(O)c1ccccc1,7,C12C(OCC2)C=CC(P(C3=CC=CC=C3)C4=CC=CC=C4)=C1C5=C(OCC6)C6=CC=C5P(C7=CC=CC=C7)C8=CC=CC=C8,L1.30,S,84,97.5,362,100,11365.72045,97.5,1,11.36572045,1
358,1489,O=C1C=CCCCC1,15,F[B-](F)(F)c1ccccc1.[K+],1,C12=CC=CC=C1C=CC(P(C3=CC=CC=C3)C4=CC=CC=C4)=C2C5=C(C=CC=C6)C6=CC=C5P(C7=CC=CC=C7)C8=CC=CC=C8,L1.1,R,98,2.5,364,110,11670.30896,97.5,2,11.67030896,0
359,1492,O=C1C=CCCCC1,15,c1ccc(B2[C@H]3CCC[C@@H]2CCC3)cc1,2,C12=CC=CC=C1C=CC(P(C3=CC=CC=C3)C4=CC=CC=C4)=C2C5=C(C=CC=C6)C6=CC=C5P(C7=CC=CC=C7)C8=CC=CC=C8,L1.18,S,83,98,364,0,8838.20364,98,1,8.83820364,1
360,1493,O=C1C=CCCCC1,15,c1ccc(B2[C@H]3CCC[C@@H]2CCC3)cc1,2,C12=CC=CC=C1C=CC(P(C3=CC=CC=C3)C4=CC=CC=C4)=C2C5=C(C=CC=C6)C6=CC=C5P(C7=CC=CC=C7)C8=CC=CC=C8,L1.18,S,82,98,364,-78,8838.20364,98,1,8.83820364,1
361,1494,O=C1C=CCCCC1,15,CC(C)O[B-](OC(C)C)(OC(C)C)c1ccccc1.[Li+],69,CC([P@@](C)C1=NC2=CC=CC=C2N=C1[P@@](C(C)(C)C)C)(C)C,L1.68,NoChiralAxis,83,1,364,60,12727.60478,99,0,12.72760478,0
362,1498,O=C1C=CCCCC1,15,CC(C)O[B-](OC(C)C)(OC(C)C)c1ccc(C2CCCCC2)cc1.[Li+],70,CC([P@@](C)C1=NC2=CC=CC=C2N=C1[P@@](C(C)(C)C)C)(C)C,L1.68,NoChiralAxis,81,1,365,100,10435.37519,99,0,10.43537519,0
363,1502,O=C1C=CCCCC1,15,COc1ccc(B(O)O)cc1,10,COC1=CC(P(C2=CC=CC=C2)C3=CC=CC=C3)=C(C4=C(OC)N=C(OC)C=C4P(C5=CC=CC=C5)C6=CC=CC=C6)C(OC)=N1,L1.54,S,62,99.5,366,100,12020.93169,99.5,1,12.02093169,1
364,1503,O=C1C=CCCCC1,15,COc1ccc(B(O)O)cc1,10,COC1=CC(P(C2=CC=CC=C2)C3=CC=CC=C3)=C(C4=C(OC)N=C(OC)C=C4P(C5=CC=CC=C5)C6=CC=CC=C6)C(OC)=N1,L1.54,S,86,99.5,366,100,12020.93169,99.5,1,12.02093169,1
365,1505,O=C1C=CCCCC1,15,COc1ccc([B-](F)(F)F)cc1.[K+],50,C12=CC=CC=C1C=CC(P(C3=CC=CC=C3)C4=CC=CC=C4)=C2C5=C(C=CC=C6)C6=CC=C5P(C7=CC=CC=C7)C8=CC=CC=C8,L1.1,R,75,3,366,110,11073.14401,97,2,11.07314401,0
366,1507,O=C1C=CCCCC1,15,F[B-](F)(F)c1ccc(Br)cc1.[K+],55,C12=CC=CC=C1C=CC(P(C3=CC=CC=C3)C4=CC=CC=C4)=C2C5=C(C=CC=C6)C6=CC=C5P(C7=CC=CC=C7)C8=CC=CC=C8,L1.1,R,75,3,367,110,11073.14401,97,2,11.07314401,0
367,1508,O=C1C=CCCCC1,15,OB(O)c1cccc2ccccc12,24,[C@H]1(P(C2=CC=CC=C2)C3=CC=CC=C3)C[C@H]4[C@@H](P(C5=CC=CC=C5)C6=CC=CC=C6)C[C@@H]1C4,L1.67,NoChiralAxis,96,2.5,367,50,9842.777871,97.5,0,9.842777871,0
372,1521,CC1(C)CC=CC(=O)C1,18,OB(O)c1ccccc1,7,C12=CC=CC=C1C=CC(P(C3=CC=CC=C3)C4=CC=CC=C4)=C2C5=C(C=CC=C6)C6=CC=C5P(C7=CC=CC=C7)C8=CC=CC=C8,L1.1,R,82,0.5,370,40,13781.27315,99.5,2,13.78127315,0
390,1618,CC(C)=C1CCC=CC1=O,22,OB(O)c1ccccc1,7,C12=CC=CC=C1C=CC(P(C3=CC=CC=C3)C4=CC=CC=C4)=C2C5=C(C=CC=C6)C6=CC=C5P(C7=CC=CC=C7)C8=CC=CC=C8,L1.18,S,87,94.5,380,100,8822.67777,94.5,1,8.82267777,1
391,1620,O=C1C=Cc2ccccc21,23,OB(O)c1ccccc1,7,C12=CC=CC=C1C=CC(P(C3=CC=CC=C3)C4=CC=CC=C4)=C2C5=C(C=CC=C6)C6=CC=C5P(C7=CC=CC=C7)C8=CC=CC=C8,L1.1,R,43,67,381,100,1608.266384,67,2,1.608266384,1
392,1621,O=C1C=Cc2ccccc21,23,COc1cccc(B(O)O)c1,18,C12=CC=CC=C1C=CC(P(C3=CC=CC=C3)C4=CC=CC=C4)=C2C5=C(C=CC=C6)C6=CC=C5P(C7=CC=CC=C7)C8=CC=CC=C8,L1.1,R,74,62.5,381,100,1160.069207,62.5,2,1.160069207,1
393,1622,O=C1C=Cc2ccccc21,23,OB(O)c1ccc(Cl)c(Cl)c1,73,C12=CC=CC=C1C=CC(P(C3=CC=CC=C3)C4=CC=CC=C4)=C2C5=C(C=CC=C6)C6=CC=C5P(C7=CC=CC=C7)C8=CC=CC=C8,L1.1,R,55,77.5,381,100,2808.64971,77.5,2,2.80864971,1
394,1623,CCCOc1ccc2c(c1)C(=O)C=C2,24,OB(O)c1ccc2c(c1)OCO2,74,C[C@H](P(C1=CC=CC=C1)C2=CC=CC=C2)[C@H](C)P(C3=CC=CC=C3)C4=CC=CC=C4,L1.66,NoChiralAxis,27,54,381,50,364.1332037,54,0,0.364133204,1
405,1654,O=C1C=COC2=C1C=CC=C2,28,Cc1ccc(B(O)O)cc1,12,FC1=CC(P(C2=CC(F)=C(F)C(F)=C2)C3=CC=CC(OC)=C3C4=C(P(C5=CC(F)=C(F)C(F)=C5)C6=CC(F)=C(F)C(F)=C6)C=CC=C4OC)=CC(F)=C1F,L1.50,S,82,99.5,386,20,12020.93169,99.5,1,12.02093169,1
406,1657,O=C1C=COC2=C1C=C(Cl)C=C2,30,OB(O)c1ccccc1,7,FC1=CC(P(C2=CC(F)=C(F)C(F)=C2)C3=CC=CC(OC)=C3C4=C(P(C5=CC(F)=C(F)C(F)=C5)C6=CC(F)=C(F)C(F)=C6)C=CC=C4OC)=CC(F)=C1F,L1.50,S,86,99.5,388,40,12020.93169,99.5,1,12.02093169,1
407,1659,O=C1C=COC2=C1C=C(Br)C=C2,31,OB(O)c1ccccc1,7,FC1=CC(P(C2=CC(F)=C(F)C(F)=C2)C3=CC=CC(OC)=C3C4=C(P(C5=CC(F)=C(F)C(F)=C5)C6=CC(F)=C(F)C(F)=C6)C=CC=C4OC)=CC(F)=C1F,L1.50,S,81,99.5,388,35,13561.23046,99.5,1,13.56123046,1
408,1662,O=C1C=COC2=C1C(OC)=CC(OC)=C2,33,OB(O)c1ccccc1,7,FC1=CC(P(C2=CC(F)=C(F)C(F)=C2)C3=CC=CC(OC)=C3C4=C(P(C5=CC(F)=C(F)C(F)=C5)C6=CC(F)=C(F)C(F)=C6)C=CC=C4OC)=CC(F)=C1F,L1.50,S,93,99.5,389,60,14661.44387,99.5,1,14.66144387,1
409,1663,O=C1C=COC2=C1C(OC)=CC(OC)=C2,33,OB(O)c1ccccc1,7,FC1=CC(P(C2=CC(F)=C(F)C(F)=C2)C3=CC=CC(OC)=C3C4=C(P(C5=CC(F)=C(F)C(F)=C5)C6=CC(F)=C(F)C(F)=C6)C=CC=C4OC)=CC(F)=C1F,L1.50,S,92,99.5,389,40,13781.27315,99.5,1,13.78127315,1
410,1664,O=C1C=COC2=C1C(OC)=CC(OC)=C2,33,OB(O)c1ccccc1,7,FC1=CC(P(C2=CC(F)=C(F)C(F)=C2)C3=CC=CC(OC)=C3C4=C(P(C5=CC(F)=C(F)C(F)=C5)C6=CC(F)=C(F)C(F)=C6)C=CC=C4OC)=CC(F)=C1F,L1.50,S,94,99.5,389,40,13781.27315,99.5,1,13.78127315,1
442,1731,O=C1C=CC2(OCCO2)c2ccccc21,46,OB(O)c1ccccc1,7,C12=CC=CC=C1C=CC(P(C3=CC=CC=C3)C4=CC=CC=C4)=C2C5=C(C=CC=C6)C6=CC=C5P(C7=CC=CC=C7)C8=CC=CC=C8,L1.1,R,68,4,400,20,7745.708838,96,2,7.745708838,0
443,1746,O=C1C=COC2=C1C=C(C)C=C2,49,[Na+].c1ccc([B-](c2ccccc2)(c2ccccc2)c2ccccc2)cc1,3,FC1=CC(P(C2=CC(F)=C(F)C(F)=C2)C3=CC=CC(OC)=C3C4=C(P(C5=CC(F)=C(F)C(F)=C5)C6=CC(F)=C(F)C(F)=C6)C=CC=C4OC)=CC(F)=C1F,L1.50,S,87,99.5,403,30,13341.18778,99.5,1,13.34118778,1
444,1749,O=C1C=COC2=C1C=C(Cl)C(C)=C2,51,[Na+].c1ccc([B-](c2ccccc2)(c2ccccc2)c2ccccc2)cc1,3,FC1=CC(P(C2=CC(F)=C(F)C(F)=C2)C3=CC=CC(OC)=C3C4=C(P(C5=CC(F)=C(F)C(F)=C5)C6=CC(F)=C(F)C(F)=C6)C=CC=C4OC)=CC(F)=C1F,L1.50,S,90,99.5,404,40,13781.27315,99.5,1,13.78127315,1
445,1753,CC1=CC(=O)c2ccccc2C1=O,53,OB(O)c1ccccc1,7,C12=CC=CC=C1C=CC(P(C3=CC=CC=C3)C4=CC=CC=C4)=C2C5=C(C=CC=C6)C6=CC=C5P(C7=CC=CC=C7)C8=CC=CC=C8,L1.1,R,70,0.5,405,50,14221.35851,99.5,2,14.22135851,0
458,1857,O=C1C=CCC1,6,CC12CO[B-](c3ccsc3)(OC1)OC2.[Li+],81,C12=CC=CC=C1C=CC(P(C3=CC=CC=C3)C4=CC=CC=C4)=C2C5=C(C=CC=C6)C6=CC=C5P(C7=CC=CC=C7)C8=CC=CC=C8,L1.18,S,90,94,426,95,8421.89681,94,1,8.42189681,1
459,1858,O=C1C=CCC1,6,COc1ccc([B-]23OCC(C)(CO2)CO3)cn1.[Li+],82,C12=CC=CC=C1C=CC(P(C3=CC=CC=C3)C4=CC=CC=C4)=C2C5=C(C=CC=C6)C6=CC=C5P(C7=CC=CC=C7)C8=CC=CC=C8,L1.18,S,92,96,426,95,9727.384304,96,1,9.727384304,1
460,1859,O=C1C=CCCC1,0,COc1ccc([B-]23OCC(C)(CO2)CO3)s1.[Li+],83,C12=CC=CC=C1C=CC(P(C3=CC=CC=C3)C4=CC=CC=C4)=C2C5=C(C=CC=C6)C6=CC=C5P(C7=CC=CC=C7)C8=CC=CC=C8,L1.18,S,63,95,426,95,9012.336177,95,1,9.012336177,1
461,1860,O=C1C=CCCC1,0,OB(O)c1ccsc1,84,C12=CC=CC=C1C=CC(P(C3=CC=CC=C3)C4=CC=CC=C4)=C2C5=C(C=CC=C6)C6=CC=C5P(C7=CC=CC=C7)C8=CC=CC=C8,L1.18,S,40,99.5,427,40,13781.27315,99.5,1,13.78127315,1
462,1861,O=C1C=CCCC1,0,OB(O)c1ccsc1,84,C12=CC=CC=C1C=CC(P(C3=CC=CC=C3)C4=CC=CC=C4)=C2C5=C(C=CC=C6)C6=CC=C5P(C7=CC=CC=C7)C8=CC=CC=C8,L1.18,S,30,98.5,427,100,12982.14718,98.5,1,12.98214718,1
463,1862,O=C1C=CCCC1,0,CC12CO[B-](c3ccsc3)(OC1)OC2.[Li+],81,C12=CC=CC=C1C=CC(P(C3=CC=CC=C3)C4=CC=CC=C4)=C2C5=C(C=CC=C6)C6=CC=C5P(C7=CC=CC=C7)C8=CC=CC=C8,L1.18,S,90,95,427,95,9012.336177,95,1,9.012336177,1
464,1863,O=C1C=CCCC1,0,COc1cccc([B-]23OCC(C)(CO2)CO3)n1.[Li+],85,C12=CC=CC=C1C=CC(P(C3=CC=CC=C3)C4=CC=CC=C4)=C2C5=C(C=CC=C6)C6=CC=C5P(C7=CC=CC=C7)C8=CC=CC=C8,L1.18,S,56,77.5,427,95,3785.481936,77.5,1,3.785481936,1
465,1864,O=C1C=CCCC1,0,COc1cccc([B-]23OCC(C)(CO2)CO3)n1.[Li+],85,CN(P1OC2=C(C3=C(O1)C=C(COCC4=CC(OP(N(C)C)O5)=C(C6=C5C=CC7=C6C=CC=C7)C8=C4C=CC=C8)C9=C3C=CC=C9)C%10=C(C=C2)C=CC=C%10)C,L1.90,R,67,96.5,427,95,10151.99736,96.5,2,10.15199736,1
466,1865,O=C1C=CCCC1,0,COc1ccc([B-](F)(F)F)cn1.[K+],86,COC(C=CC=C1P(C2=CC=CC=C2)C3=CC=CC=C3)=C1C4=C(P(C5=CC=CC=C5)C6=CC=CC=C6)C=CC7=CC=CC=C74,L1.18,S,13,95.5,428,95,6937.921539,95.5,1,6.937921539,1
467,1866,O=C1C=CCCC1,0,COc1ccc([B-]23OCC(C)(CO2)CO3)cn1.[Li+],82,C12=CC=CC=C1C=CC(P(C3=CC=CC=C3)C4=CC=CC=C4)=C2C5=C(C=CC=C6)C6=CC=C5P(C7=CC=CC=C7)C8=CC=CC=C8,L1.18,S,33,86.5,429,95,5685.295761,86.5,1,5.685295761,1
468,1867,O=C1C=CCCC1,0,COc1ccc([B-]23OCC(C)(CO2)CO3)cn1.[Li+],82,C12=CC=CC=C1C=CC(P(C3=CC=CC=C3)C4=CC=CC=C4)=C2C5=C(C=CC=C6)C6=CC=C5P(C7=CC=CC=C7)C8=CC=CC=C8,L1.18,S,95,95.5,429,95,9350.890773,95.5,1,9.350890773,1
469,1868,O=C1C=CCCC1,0,COc1ccc([B-]23OCC(C)(CO2)CO3)cn1.[Li+],82,C12=CC=CC=C1C=CC(P(C3=CC=CC=C3)C4=CC=CC=C4)=C2C5=C(C=CC=C6)C6=CC=C5P(C7=CC=CC=C7)C8=CC=CC=C8,L1.18,S,83,98.5,429,95,12808.19371,98.5,1,12.80819371,1
470,1869,O=C1C=CCCC1,0,COc1ccc([B-]23OCC(C)(CO2)CO3)cn1.[Li+],82,C12=CC=CC=C1C=CC(P(C3=CC=CC=C3)C4=CC=CC=C4)=C2C5=C(C=CC=C6)C6=CC=C5P(C7=CC=CC=C7)C8=CC=CC=C8,L1.18,S,80,98.5,429,95,12808.19371,98.5,1,12.80819371,1
471,1870,O=C1C=CCCC1,0,COc1ccc([B-]23OCC(C)(CO2)CO3)cn1.[Li+],82,C12=CC=CC=C1C=CC(P(C3=CC=CC=C3)C4=CC=CC=C4)=C2C5=C(C=CC=C6)C6=CC=C5P(C7=CC=CC=C7)C8=CC=CC=C8,L1.18,S,46,77.5,429,95,3785.481936,77.5,1,3.785481936,1
472,1871,O=C1C=CCCC1,0,COc1ccc([B-]23OCC(C)(CO2)CO3)cn1.[Li+],82,C12=CC=CC=C1C=CC(P(C3=CC=CC=C3)C4=CC=CC=C4)=C2C5=C(C=CC=C6)C6=CC=C5P(C7=CC=CC=C7)C8=CC=CC=C8,L1.18,S,94,98.5,429,95,12808.19371,98.5,1,12.80819371,1
473,1872,O=C1C=CCCC1,0,COc1ccc([B-]23OCC(C)(CO2)CO3)cn1.[Li+],82,C[C@H](P(C1=CC=CC=C1)C2=CC=CC=C2)[C@H](C)P(C3=CC=CC=C3)C4=CC=CC=C4,L1.18,NoChiralAxis,91,97,429,95,10639.63974,97,0,10.63963974,1
474,1873,O=C1C=CCCC1,0,COc1ccc([B-]23OCC(C)(CO2)CO3)cn1.[Li+],82,CN(P1OC2=C(C3=C(O1)C=C(COCC4=CC(OP(N(C)C)O5)=C(C6=C5C=CC7=C6C=CC=C7)C8=C4C=CC=C8)C9=C3C=CC=C9)C%10=C(C=C2)C=CC=C%10)C,L1.18,R,63,16.5,429,95,4963.043658,83.5,2,4.963043658,0
475,1874,O=C1C=CCCCC1,15,COc1ccc([B-]23OCC(C)(CO2)CO3)cn1.[Li+],82,C12=CC=CC=C1C=CC(P(C3=CC=CC=C3)C4=CC=CC=C4)=C2C5=C(C=CC=C6)C6=CC=C5P(C7=CC=CC=C7)C8=CC=CC=C8,L1.18,S,9,96.5,429,95,10151.99736,96.5,1,10.15199736,1
483,1884,O=C1C=CCC1,6,C=C(C)[B-](F)(F)F.[K+],90,C12=CC=CC=C1C=CC(P(C3=CC=CC=C3)C4=CC=CC=C4)=C2C5=C(C=CC=C6)C6=CC=C5P(C7=CC=CC=C7)C8=CC=CC=C8,L1.18,S,80,96.5,432,20,8083.819167,96.5,1,8.083819167,1
484,1887,O=C1C=CCC1,6,C/C=C(\C)B1Oc2ccccc2O1,92,C12=CC=CC=C1C=CC(P(C3=CC=CC=C3)C4=CC=CC=C4)=C2C5=C(C=CC=C6)C6=CC=C5P(C7=CC=CC=C7)C8=CC=CC=C8,L1.18,S,81,97.5,433,100,11365.72045,97.5,1,11.36572045,1
485,1888,O=C1C=CCC1,6,FB(F)F.[K]/C=C/CCCC,93,C12=CC=CC=C1C=CC(P(C3=CC=CC=C3)C4=CC=CC=C4)=C2C5=C(C=CC=C6)C6=CC=C5P(C7=CC=CC=C7)C8=CC=CC=C8,L1.18,S,89,85,433,20,4227.654861,85,1,4.227654861,1
486,1889,O=C1C=CCC1,6,FB(F)F.[K]/C=C\CCCC,94,C12=CC=CC=C1C=CC(P(C3=CC=CC=C3)C4=CC=CC=C4)=C2C5=C(C=CC=C6)C6=CC=C5P(C7=CC=CC=C7)C8=CC=CC=C8,L1.18,S,83,85,433,23,3939.225398,85,1,3.939225398,1
487,1890,O=C1C=CCC1,6,CCCCC/C=C/B(O)O,95,C12=CC=CC=C1C=CC(P(C3=CC=CC=C3)C4=CC=CC=C4)=C2C5=C(C=CC=C6)C6=CC=C5P(C7=CC=CC=C7)C8=CC=CC=C8,L1.18,S,64,98,433,100,12073.86304,98,1,12.07386304,1
488,1891,O=C1C=CCC1,6,CCCCC/C=C/B1Oc2ccccc2O1,96,C12=CC=CC=C1C=CC(P(C3=CC=CC=C3)C4=CC=CC=C4)=C2C5=C(C=CC=C6)C6=CC=C5P(C7=CC=CC=C7)C8=CC=CC=C8,L1.18,S,83,99,433,100,14255.75783,99,1,14.25575783,1
489,1897,O=C1C=CCCC1,0,C=C[B-](F)(F)F.[K+],97,C12=CC=CC=C1C=CC(P(C3=CC=CC=C3)C4=CC=CC=C4)=C2C5=C(C=CC=C6)C6=CC=C5P(C7=CC=CC=C7)C8=CC=CC=C8,L1.1,R,99,4,435,110,10123.7194,96,2,10.1237194,0
490,1898,O=C1C=CCCC1,0,C=C[B-](F)(F)F.[K+],97,COC(C=CC=C1P(C2=CC=CC=C2)C3=CC=CC=C3)=C1C4=C(P(C5=CC=CC=C5)C6=CC=CC=C6)C=CC=C4OC,L1.38,R,83,5.5,435,110,9059.115604,94.5,2,9.059115604,0
491,1899,O=C1C=CCCC1,0,C=C(C)[B-](F)(F)F.[K+],90,C12=CC=CC=C1C=CC(P(C3=CC=CC=C3)C4=CC=CC=C4)=C2C5=C(C=CC=C6)C6=CC=C5P(C7=CC=CC=C7)C8=CC=CC=C8,L1.18,S,81,95,435,36,7568.012303,95,1,7.568012303,1
492,1900,O=C1C=CCCC1,0,C=C(C)[B-](F)(F)F.[K+],90,C12=CC=CC=C1C=CC(P(C3=CC=CC=C3)C4=CC=CC=C4)=C2C5=C(C=CC=C6)C6=CC=C5P(C7=CC=CC=C7)C8=CC=CC=C8,L1.18,S,33,95,435,36,7568.012303,95,1,7.568012303,1
493,1901,O=C1C=CCCC1,0,C=C(C)[B-](F)(F)F.[K+],90,C12=CC=CC=C1C=CC(P(C3=CC=CC=C3)C4=CC=CC=C4)=C2C5=C(C=CC=C6)C6=CC=C5P(C7=CC=CC=C7)C8=CC=CC=C8,L1.18,S,79,95,435,36,7568.012303,95,1,7.568012303,1
494,1902,O=C1C=CCCC1,0,C=C(C)[B-](F)(F)F.[K+],90,C12=CC=CC=C1C=CC(P(C3=CC=CC=C3)C4=CC=CC=C4)=C2C5=C(C=CC=C6)C6=CC=C5P(C7=CC=CC=C7)C8=CC=CC=C8,L1.18,S,87,99,435,20,11199.45172,99,1,11.19945172,1
495,1903,O=C1C=CCCC1,0,COC/C=C/B1Oc2ccccc2O1,98,C12=CC=CC=C1C=CC(P(C3=CC=CC=C3)C4=CC=CC=C4)=C2C5=C(C=CC=C6)C6=CC=C5P(C7=CC=CC=C7)C8=CC=CC=C8,L1.18,S,89,97,435,100,10784.14116,97,1,10.78414116,1
496,1904,O=C1C=CCCC1,0,C/C=C(\C)B1Oc2ccccc2O1,92,C12=CC=CC=C1C=CC(P(C3=CC=CC=C3)C4=CC=CC=C4)=C2C5=C(C=CC=C6)C6=CC=C5P(C7=CC=CC=C7)C8=CC=CC=C8,L1.18,S,82,99.5,435,100,12020.93169,99.5,1,12.02093169,1
497,1906,O=C1C=CCCC1,0,OB(O)/C=C/C(C)(C)C,99,C12=CC=CC=C1C=CC(P(C3=CC=CC=C3)C4=CC=CC=C4)=C2C5=C(C=CC=C6)C6=CC=C5P(C7=CC=CC=C7)C8=CC=CC=C8,L1.18,S,79,95.5,435,100,6937.921539,95.5,1,6.937921539,1
498,1907,O=C1C=CCCC1,0,CC(C)(C)/C=C/B1Oc2ccccc2O1,100,C12=CC=CC=C1C=CC(P(C3=CC=CC=C3)C4=CC=CC=C4)=C2C5=C(C=CC=C6)C6=CC=C5P(C7=CC=CC=C7)C8=CC=CC=C8,L1.18,S,77,95.5,436,100,6937.921539,95.5,1,6.937921539,1
499,1908,O=C1C=CCCC1,0,CC(C)(C)/C=C/B1Oc2ccccc2O1,100,C12=CC=CC=C1C=CC(P(C3=CC=CC=C3)C4=CC=CC=C4)=C2C5=C(C=CC=C6)C6=CC=C5P(C7=CC=CC=C7)C8=CC=CC=C8,L1.18,S,75,96,436,100,7217.262047,96,1,7.217262047,1
500,1909,O=C1C=CCCC1,0,CCCCC/C=C/B(O)O,95,C12=CC=CC=C1C=CC(P(C3=CC=CC=C3)C4=CC=CC=C4)=C2C5=C(C=CC=C6)C6=CC=C5P(C7=CC=CC=C7)C8=CC=CC=C8,L1.18,S,88,97,436,100,10784.14116,97,1,10.78414116,1
501,1912,O=C1C=CCCC1,0,CCCCC/C=C/B1Oc2ccccc2O1,96,C12=CC=CC=C1C=CC(P(C3=CC=CC=C3)C4=CC=CC=C4)=C2C5=C(C=CC=C6)C6=CC=C5P(C7=CC=CC=C7)C8=CC=CC=C8,L1.18,S,29,97,437,100,10784.14116,97,1,10.78414116,1
502,1913,O=C1C=CCCC1,0,CCCCC/C=C/B1Oc2ccccc2O1,96,C12=CC=CC=C1C=CC(P(C3=CC=CC=C3)C4=CC=CC=C4)=C2C5=C(C=CC=C6)C6=CC=C5P(C7=CC=CC=C7)C8=CC=CC=C8,L1.18,S,78,98.5,437,100,12982.14718,98.5,1,12.98214718,1
503,1914,O=C1C=CCCC1,0,CCCCC/C=C/B1Oc2ccccc2O1,96,C12=CC=CC=C1C=CC(P(C3=CC=CC=C3)C4=CC=CC=C4)=C2C5=C(C=CC=C6)C6=CC=C5P(C7=CC=CC=C7)C8=CC=CC=C8,L1.18,S,92,98,437,100,12073.86304,98,1,12.07386304,1
504,1915,O=C1C=CCCC1,0,CCCCC/C=C/B1Oc2ccccc2O1,96,C12=CC=CC=C1C=CC(P(C3=CC=CC=C3)C4=CC=CC=C4)=C2C5=C(C=CC=C6)C6=CC=C5P(C7=CC=CC=C7)C8=CC=CC=C8,L1.18,S,85,97.5,437,100,11365.72045,97.5,1,11.36572045,1
505,1916,O=C1C=CCCC1,0,CCCCC/C=C/B1Oc2ccccc2O1,96,C12=CC=CC=C1C=CC(P(C3=CC=CC=C3)C4=CC=CC=C4)=C2C5=C(C=CC=C6)C6=CC=C5P(C7=CC=CC=C7)C8=CC=CC=C8,L1.18,S,29,97,437,100,10784.14116,97,1,10.78414116,1
506,1917,O=C1C=CCCC1,0,CCCCC/C=C/B1Oc2ccccc2O1,96,C12=CC=CC=C1C=CC(P(C3=CC=CC=C3)C4=CC=CC=C4)=C2C5=C(C=CC=C6)C6=CC=C5P(C7=CC=CC=C7)C8=CC=CC=C8,L1.18,S,26,97,437,100,10784.14116,97,1,10.78414116,1
